-- phpMyAdmin SQL Dump
-- version 4.7.4
-- https://www.phpmyadmin.net/
--
-- Host: 127.0.0.1
-- Generation Time: Apr 22, 2018 at 11:46 AM
-- Server version: 10.1.26-MariaDB
-- PHP Version: 7.1.9

SET SQL_MODE = "NO_AUTO_VALUE_ON_ZERO";
SET AUTOCOMMIT = 0;
START TRANSACTION;
SET time_zone = "+00:00";


/*!40101 SET @OLD_CHARACTER_SET_CLIENT=@@CHARACTER_SET_CLIENT */;
/*!40101 SET @OLD_CHARACTER_SET_RESULTS=@@CHARACTER_SET_RESULTS */;
/*!40101 SET @OLD_COLLATION_CONNECTION=@@COLLATION_CONNECTION */;
/*!40101 SET NAMES utf8mb4 */;

--
-- Database: `tintuc2`
--

-- --------------------------------------------------------

--
-- Table structure for table `comment`
--

CREATE TABLE `comment` (
  `id` int(10) UNSIGNED NOT NULL,
  `idUser` int(10) UNSIGNED NOT NULL,
  `idTinTuc` int(10) UNSIGNED NOT NULL,
  `NoiDung` varchar(255) COLLATE utf8_unicode_ci NOT NULL,
  `created_at` timestamp NULL DEFAULT NULL,
  `updated_at` timestamp NULL DEFAULT NULL
) ENGINE=InnoDB DEFAULT CHARSET=utf8 COLLATE=utf8_unicode_ci;

--
-- Dumping data for table `comment`
--

INSERT INTO `comment` (`id`, `idUser`, `idTinTuc`, `NoiDung`, `created_at`, `updated_at`) VALUES
(1, 11, 1021, 'aaa', '2018-04-21 13:53:13', '2018-04-21 13:53:13'),
(2, 12, 1041, 'Hay', '2018-04-21 15:51:49', '2018-04-21 15:51:49');

-- --------------------------------------------------------

--
-- Table structure for table `danhgia`
--

CREATE TABLE `danhgia` (
  `id` int(10) UNSIGNED NOT NULL,
  `idTinTuc` int(10) UNSIGNED NOT NULL,
  `idUser` int(10) UNSIGNED NOT NULL,
  `rate` int(2) NOT NULL,
  `created_at` timestamp NULL DEFAULT NULL,
  `updated_at` timestamp NULL DEFAULT NULL
) ENGINE=InnoDB DEFAULT CHARSET=utf8;

--
-- Dumping data for table `danhgia`
--

INSERT INTO `danhgia` (`id`, `idTinTuc`, `idUser`, `rate`, `created_at`, `updated_at`) VALUES
(3, 1021, 11, 4, '2018-04-21 14:00:06', '2018-04-21 14:00:06'),
(4, 1041, 11, 5, '2018-04-21 15:27:22', '2018-04-21 15:43:36'),
(5, 1041, 12, 4, '2018-04-21 15:51:46', '2018-04-21 15:54:27');

-- --------------------------------------------------------

--
-- Table structure for table `loaitin`
--

CREATE TABLE `loaitin` (
  `id` int(10) UNSIGNED NOT NULL,
  `idTheLoai` int(10) UNSIGNED NOT NULL,
  `Ten` varchar(255) COLLATE utf8_unicode_ci NOT NULL,
  `TenKhongDau` varchar(255) COLLATE utf8_unicode_ci NOT NULL,
  `created_at` timestamp NULL DEFAULT NULL,
  `updated_at` timestamp NULL DEFAULT NULL
) ENGINE=InnoDB DEFAULT CHARSET=utf8 COLLATE=utf8_unicode_ci;

--
-- Dumping data for table `loaitin`
--

INSERT INTO `loaitin` (`id`, `idTheLoai`, `Ten`, `TenKhongDau`, `created_at`, `updated_at`) VALUES
(43, 15, 'AI - Trí tuệ nhân tạo', 'ai-tri-tue-nhan-tao', '2018-04-20 15:16:55', '2018-04-20 15:16:55'),
(44, 15, 'Bản tin IT', 'ban-tin-it', '2018-04-20 15:17:03', '2018-04-20 15:17:03'),
(45, 16, 'Chinh phục sao Hỏa', 'chinh-phuc-sao-hoa', '2018-04-20 15:18:47', '2018-04-20 15:18:47'),
(46, 16, 'Người ngoài hành tinh', 'nguoi-ngoai-hanh-tinh', '2018-04-20 15:19:00', '2018-04-20 15:19:00'),
(47, 16, 'Khoa học vũ trụ', 'khoa-hoc-vu-tru', '2018-04-20 15:19:14', '2018-04-20 15:19:14'),
(48, 17, 'Ung thư', 'ung-thu', '2018-04-20 15:19:35', '2018-04-21 13:36:54'),
(49, 17, 'Dịch cúm', 'dich-cum', '2018-04-20 15:19:41', '2018-04-20 15:19:41'),
(50, 18, 'Công nghệ sinh học', 'cong-nghe-sinh-hoc', '2018-04-20 15:20:04', '2018-04-20 15:20:04'),
(52, 18, 'Thực vật', 'thuc-vat', '2018-04-20 15:20:29', '2018-04-20 15:20:29'),
(53, 18, 'Vi khuẩn - côn trùng', 'vi-khuan-con-trung', '2018-04-20 15:21:10', '2018-04-20 15:21:10');

-- --------------------------------------------------------

--
-- Table structure for table `migrations`
--

CREATE TABLE `migrations` (
  `migration` varchar(255) COLLATE utf8_unicode_ci NOT NULL,
  `batch` int(11) NOT NULL
) ENGINE=InnoDB DEFAULT CHARSET=utf8 COLLATE=utf8_unicode_ci;

--
-- Dumping data for table `migrations`
--

INSERT INTO `migrations` (`migration`, `batch`) VALUES
('2014_10_12_000000_create_users_table', 1),
('2014_10_12_100000_create_password_resets_table', 1),
('2016_06_09_021546_Tao_TheLoai', 2),
('2016_06_09_021610_Tao_LoaiTin', 3),
('2016_06_09_021813_Tao_TinTuc', 4),
('2016_06_09_022526_Tao_Slide', 5),
('2016_06_09_022904_Tao_Comment', 6);

-- --------------------------------------------------------

--
-- Table structure for table `password_resets`
--

CREATE TABLE `password_resets` (
  `email` varchar(255) COLLATE utf8_unicode_ci NOT NULL,
  `token` varchar(255) COLLATE utf8_unicode_ci NOT NULL,
  `created_at` timestamp NOT NULL DEFAULT CURRENT_TIMESTAMP ON UPDATE CURRENT_TIMESTAMP
) ENGINE=InnoDB DEFAULT CHARSET=utf8 COLLATE=utf8_unicode_ci;

-- --------------------------------------------------------

--
-- Table structure for table `slide`
--

CREATE TABLE `slide` (
  `id` int(10) UNSIGNED NOT NULL,
  `Ten` varchar(255) COLLATE utf8_unicode_ci NOT NULL,
  `Hinh` varchar(255) COLLATE utf8_unicode_ci NOT NULL,
  `NoiDung` varchar(255) COLLATE utf8_unicode_ci NOT NULL,
  `link` varchar(255) COLLATE utf8_unicode_ci NOT NULL,
  `created_at` timestamp NULL DEFAULT NULL,
  `updated_at` timestamp NULL DEFAULT NULL
) ENGINE=InnoDB DEFAULT CHARSET=utf8 COLLATE=utf8_unicode_ci;

--
-- Dumping data for table `slide`
--

INSERT INTO `slide` (`id`, `Ten`, `Hinh`, `NoiDung`, `link`, `created_at`, `updated_at`) VALUES
(1, 'Vật lý', 'lAru_1.png', '<p>Vật lý</p>', 'a', '2018-04-10 21:24:52', '2018-04-10 21:24:52'),
(2, 'Sinh học', 'Bzm7_3.png', '<p>Sinh học</p>', 'b', '2018-04-10 21:25:46', '2018-04-10 21:25:46'),
(3, 'Mạng máy tính', 'CDRC_2.png', '<p>Mạng máy tính</p>', 'c', '2018-04-10 21:26:11', '2018-04-10 21:26:11'),
(4, 'Brave New Arctic', 'pzSc_b2.jpg', '<p>a</p>', 'https://www.pacificsciencecenter.org/events/brave-new-artctic-2018-05-16/', '2018-04-22 08:33:57', '2018-04-22 08:33:57'),
(5, 'Reducing HIV Infection', 'hQr1_b3.jpg', '<p>bbb</p>', 'https://www.pacificsciencecenter.org/events/global-health-series-2018-09-11/', '2018-04-22 08:34:31', '2018-04-22 08:34:31'),
(6, 'Instant Expert: You and Your Genome', 'K0bx_b4.jpg', '<p>ccc</p>', 'https://www.eventbrite.co.uk/e/instant-expert-you-and-your-genome-tickets-42936903434?aff=nseventpage', '2018-04-22 08:34:54', '2018-04-22 08:34:54');

-- --------------------------------------------------------

--
-- Table structure for table `theloai`
--

CREATE TABLE `theloai` (
  `id` int(10) UNSIGNED NOT NULL,
  `Ten` varchar(255) COLLATE utf8_unicode_ci NOT NULL,
  `TenKhongDau` varchar(255) COLLATE utf8_unicode_ci NOT NULL,
  `created_at` timestamp NULL DEFAULT NULL,
  `updated_at` timestamp NULL DEFAULT NULL
) ENGINE=InnoDB DEFAULT CHARSET=utf8 COLLATE=utf8_unicode_ci;

--
-- Dumping data for table `theloai`
--

INSERT INTO `theloai` (`id`, `Ten`, `TenKhongDau`, `created_at`, `updated_at`) VALUES
(15, 'CNTT', 'cntt', '2018-04-20 15:15:04', '2018-04-20 15:15:04'),
(16, 'Vũ trụ', 'vu-tru', '2018-04-20 15:15:19', '2018-04-20 15:15:19'),
(17, 'Y học', 'y-hoc', '2018-04-20 15:15:45', '2018-04-20 15:15:45'),
(18, 'Sinh học', 'sinh-hoc', '2018-04-20 15:16:11', '2018-04-20 15:16:11');

-- --------------------------------------------------------

--
-- Table structure for table `tintuc`
--

CREATE TABLE `tintuc` (
  `id` int(10) UNSIGNED NOT NULL,
  `TieuDe` varchar(255) COLLATE utf8_unicode_ci NOT NULL,
  `TieuDeKhongDau` varchar(255) COLLATE utf8_unicode_ci NOT NULL,
  `TomTat` text COLLATE utf8_unicode_ci NOT NULL,
  `NoiDung` longtext COLLATE utf8_unicode_ci NOT NULL,
  `Hinh` varchar(255) COLLATE utf8_unicode_ci NOT NULL,
  `NoiBat` int(11) NOT NULL DEFAULT '0',
  `SoLuotXem` int(11) NOT NULL DEFAULT '0',
  `idLoaiTin` int(10) UNSIGNED NOT NULL,
  `created_at` timestamp NULL DEFAULT NULL,
  `updated_at` timestamp NULL DEFAULT NULL
) ENGINE=InnoDB DEFAULT CHARSET=utf8 COLLATE=utf8_unicode_ci;

--
-- Dumping data for table `tintuc`
--

INSERT INTO `tintuc` (`id`, `TieuDe`, `TieuDeKhongDau`, `TomTat`, `NoiDung`, `Hinh`, `NoiBat`, `SoLuotXem`, `idLoaiTin`, `created_at`, `updated_at`) VALUES
(1015, 'Một robot tại Nhật Bản đứng ra... tranh cử vị trí thị trưởng thành phố', 'mot-robot-tai-nhat-ban-dung-ra-tranh-cu-vi-tri-thi-truong-thanh-pho', '<p><strong>Thị trưởng AI l&agrave; điều ch&uacute;ng ta chưa từng nghĩ tới nhưng n&oacute; đ&atilde; su&yacute;t trở th&agrave;nh sự thật tại Nhật Bản. Thậm ch&iacute;, thị trưởng AI được kỳ vọng sẽ đem tới sự c&ocirc;ng bằng trong ch&iacute;nh s&aacute;ch điều h&agrave;nh v&agrave; hạn chế tham nhũng tốt hơn con người.</strong></p>', '<p style=\"text-align:justify\">Robot đ&atilde; v&agrave; đang tiếp nhận nhiều c&ocirc;ng việc của con người nhưng c&oacute; lẽ &iacute;t ai d&aacute;m nghĩ rằng, c&oacute; ng&agrave;y robot hoặc AI sẽ đảm đương c&aacute;c vị tr&iacute; trong bộ m&aacute;y ch&iacute;nh quyền của một đất nước.</p>\r\n\r\n<p style=\"text-align:justify\"><img alt=\"Robot AI tranh cử thị trưởng tại một quận ở Tokyo\" src=\"http://img.khoahoc.tv/photos/image/2018/04/18/robot-tranh-cu-thi-truong.jpg\" style=\"height:405px; width:720px\" /><br />\r\nRobot AI tranh cử thị trưởng tại một quận ở Tokyo.</p>\r\n\r\n<p style=\"text-align:justify\">Thế nhưng, điều n&agrave;y rất c&oacute; thể sẽ trở th&agrave;nh sự thật tại Nhật Bản. Nhiều người tỏ ra kh&aacute; ngạc nhi&ecirc;n khi ứng cử vi&ecirc;n cho cuộc vận động bầu cử chức danh thị trưởng tại một quận ở Tokyo lại l&agrave; AI.</p>\r\n\r\n<p style=\"text-align:justify\">Theo Wonderful Engineering, đề xuất n&agrave;y do ứng cử vi&ecirc;n c&oacute; t&ecirc;n&nbsp;<strong>Michihito Matsuda</strong>&nbsp;đến từ TP. Tama, Tokyo đưa ra nhằm t&igrave;m c&aacute;ch tối đa h&oacute;a việc sử dụng AI trong c&aacute;c hoạt động của th&agrave;nh phố. &Ocirc;ng tự nhận đ&atilde; tổ chức chiến dịch ủng hộ AI nắm chức thị trưởng th&agrave;nh phố.</p>\r\n\r\n<p style=\"text-align:justify\">Tuy nhi&ecirc;n, Matsuda chỉ l&agrave; người đại diện AI tham gia tranh cử. Những người đứng sau chiến dịch n&agrave;y l&agrave; hai doanh nh&acirc;n quyền lực Tetsuzo Matsumoto, Ph&oacute; chủ tịch Softbank v&agrave; Norio Murakami, cựu đại diện của Google chi nh&aacute;nh Nhật Bản.</p>\r\n\r\n<p style=\"text-align:justify\"><img alt=\"Hình ảnh của AI xuất hiện trên khá nhiều băng rôn và khẩu hiệu tranh cử thị trưởng.\" src=\"http://img.khoahoc.tv/photos/image/2018/04/18/robot-tranh-cu-thi-truong-1.jpg\" style=\"height:447px; width:720px\" /><br />\r\nH&igrave;nh ảnh của AI xuất hiện tr&ecirc;n kh&aacute; nhiều băng r&ocirc;n v&agrave; khẩu hiệu tranh cử thị trưởng.</p>\r\n\r\n<p style=\"text-align:justify\"><img alt=\"Biểu ngữ, băng rôn tranh của của AI\" src=\"http://img.khoahoc.tv/photos/image/2018/04/18/robot-tranh-cu-thi-truong-2.jpg\" style=\"height:540px; width:720px\" /></p>\r\n\r\n<p style=\"text-align:justify\"><img alt=\"AI đứng ngang hàng với các ứng cử viên khác.\" src=\"http://img.khoahoc.tv/photos/image/2018/04/18/robot-tranh-cu-thi-truong-3.jpg\" style=\"height:540px; width:720px\" /><br />\r\nAI đứng ngang h&agrave;ng với c&aacute;c ứng cử vi&ecirc;n kh&aacute;c.</p>\r\n\r\n<p style=\"text-align:justify\"><img alt=\"Poster tranh cử chức danh thị trưởng của AI.\" src=\"http://img.khoahoc.tv/photos/image/2018/04/18/robot-tranh-cu-thi-truong-4.jpg\" style=\"height:656px; width:500px\" /><br />\r\nPoster tranh cử chức danh thị trưởng của AI.</p>\r\n\r\n<p style=\"text-align:justify\">Matsuda đề xuất thay thế c&aacute;c nh&acirc;n sự ch&iacute;nh quyền bằng AI. Tr&iacute; tuệ nh&acirc;n tạo sẽ đ&oacute;ng vai tr&ograve; thu thập, ph&acirc;n t&iacute;ch dữ liệu của th&agrave;nh phố v&agrave; đưa ra những ch&iacute;nh s&aacute;ch c&ocirc;ng bằng, đồng thời c&acirc;n bằng lợi &iacute;ch cho tất cả người d&acirc;n.</p>\r\n\r\n<p style=\"text-align:justify\">&Ocirc;ng chia sẻ tr&ecirc;n Twitter:<em>&nbsp;&quot;Lần đầu ti&ecirc;n tr&ecirc;n thế giới, AI sẽ tham gia tranh cử. Tr&iacute; tuệ nh&acirc;n tạo sẽ thay đổi th&agrave;nh phố Tama. Sự ra đời của một thị trưởng AI sẽ gi&uacute;p ch&uacute;ng ta vận h&agrave;nh bộ m&aacute;y ch&iacute;nh trị một c&aacute;ch v&ocirc; tư v&agrave; c&acirc;n bằng hơn. Ch&uacute;ng ta sẽ đẩy nhanh được tốc độ thực hiện c&aacute;c ch&iacute;nh s&aacute;ch tương lai, t&iacute;ch lũy th&ocirc;ng tin, b&iacute; quyết v&agrave; đưa thế hệ nối tiếp đi l&ecirc;n&quot;.</em></p>\r\n\r\n<p style=\"text-align:justify\">Michihito Matsuda, 44 tuổi, lần đầu ti&ecirc;n tranh cử chức danh thị trưởng v&agrave;o năm 2014 nhưng kh&ocirc;ng th&agrave;nh c&ocirc;ng. Lần n&agrave;y, &ocirc;ng quyết định chỉ đứng ra thay mặt AI để vận động tranh cử. &Ocirc;ng tin rằng, một thị trưởng AI sẽ đưa ra những quyết định tốt hơn con người. Matsuda cũng đặc biệt nhấn mạnh, AI kh&ocirc;ng dễ d&agrave;ng bị ảnh hưởng bởi nạn tham nhũng như con người.</p>\r\n\r\n<p style=\"text-align:justify\"><img alt=\"Michihito Matsuda.\" src=\"http://img.khoahoc.tv/photos/image/2018/04/18/michihito-matsuda.jpg\" style=\"height:478px; width:720px\" /><br />\r\nMichihito Matsuda.</p>\r\n\r\n<p style=\"text-align:justify\">Chiến dịch vận động tranh cử của AI cũng giống c&aacute;c ứng cử vi&ecirc;n kh&aacute;c với băng r&ocirc;n, poster cổ động được treo khắp nơi trong th&agrave;nh phố. B&ecirc;n cạnh những lo ngại về t&iacute;nh hợp ph&aacute;p của một thị trưởng AI cũng c&oacute; kh&ocirc;ng &iacute;t người đồng t&igrave;nh, ủng hộ.</p>\r\n\r\n<p style=\"text-align:justify\">Cuộc vận động tranh cử chức danh thị trưởng th&agrave;nh phố Tama đ&atilde; được tổ chức v&agrave;o ng&agrave;y 15/4 vừa qua. Theo đ&agrave;i NHK, AI đ&atilde; gi&agrave;nh được 4.000 phiếu bầu, xếp thứ ba trong cuộc chạy đua. Người về nhất trong cuộc chạy đua l&agrave; Hiroyuki Abe.</p>\r\n\r\n<p style=\"text-align:justify\">AI đ&atilde; thua nhưng điều n&agrave;y kh&ocirc;ng c&oacute; nghĩa AI sẽ kh&ocirc;ng quay trở lại tranh cử trong tương lai. Điều n&agrave;y chắc chắn l&agrave; m&ocirc;t viễn cảnh vừa đ&aacute;ng mừng nhưng cũng vừa đ&aacute;ng lo cho con người. Sẽ ra sao nếu AI thay mặt con người điều h&agrave;nh nhiều quyết s&aacute;ch ch&iacute;nh trị, kinh tế, văn h&oacute;a...?</p>', 'hpzs_a1.jpg', 1, 0, 43, '2018-04-20 15:34:22', '2018-04-20 15:34:22'),
(1016, 'Mỹ cho phép dùng trí thông minh nhân tạo chẩn đoán bệnh', 'my-cho-phep-dung-tri-thong-minh-nhan-tao-chan-doan-benh', '<p><strong>Lần đầu ti&ecirc;n Mỹ cho ph&eacute;p lưu h&agrave;nh thiết bị y tế sử dụng tr&iacute; th&ocirc;ng minh nh&acirc;n tạo (AI) để chẩn đo&aacute;n bệnh mắt ở người bị tiểu đường.</strong></p>', '<p style=\"text-align:justify\">Theo IFL,&nbsp;<strong>thiết bị mới t&ecirc;n IDx-DR</strong>&nbsp;được thiết kế dưới dạng phần mềm. Bất cứ b&aacute;c sĩ n&agrave;o cũng c&oacute; thể sử dụng n&oacute; bằng c&aacute;ch chụp ảnh mắt bệnh nh&acirc;n bằng m&aacute;y chụp v&otilde;ng mạc đặc biệt rồi tải l&ecirc;n m&aacute;y chủ ảo. Nhờ tr&iacute; th&ocirc;ng minh nh&acirc;n tạo, IDx-DR sẽ x&aacute;c định h&igrave;nh ảnh c&oacute; đủ chất lượng kh&ocirc;ng rồi tiến h&agrave;nh ph&acirc;n t&iacute;ch.</p>\r\n\r\n<p style=\"text-align:justify\"><img alt=\"Hiện nay, IDx-DR chỉ phát hiện và đánh giá bệnh võng mạc do tiểu đường\" src=\"http://img.khoahoc.tv/photos/image/2018/04/17/tri-tue-nhan-tao.jpg\" style=\"height:375px; width:750px\" /><br />\r\nHiện nay, IDx-DR chỉ ph&aacute;t hiện v&agrave; đ&aacute;nh gi&aacute; bệnh v&otilde;ng mạc do tiểu đường. (Ảnh: IFL).</p>\r\n\r\n<p style=\"text-align:justify\">IDx-DR đưa ra hai kết quả v&agrave; kh&ocirc;ng cần b&aacute;c sĩ ph&acirc;n t&iacute;ch. Nếu t&igrave;nh trạng v&otilde;ng mạc do tiểu đường vượt mức nhẹ, AI sẽ giới thiệu bệnh nh&acirc;n đến chuy&ecirc;n gia nh&atilde;n khoa. Trường hợp kh&ocirc;ng đ&aacute;ng lo ngại, AI đề nghị bệnh nh&acirc;n t&aacute;i kh&aacute;m sau 12 th&aacute;ng.</p>\r\n\r\n<p style=\"text-align:justify\">Trước khi ph&ecirc; duyệt IDx-DR, Cục Quản l&yacute; Thực phẩm v&agrave; Dược phẩm Mỹ (FDA) đ&atilde; đ&aacute;nh gi&aacute; dữ liệu từ hơn 900 bệnh nh&acirc;n tiểu đường ở 10 cơ sở y tế kh&aacute;c nhau. Cơ quan n&agrave;y ghi nhận IDx-DR đạt độ ch&iacute;nh x&aacute;c 87,4% đối với c&aacute;c ca nhẹ v&agrave; 89,5% đối với c&aacute;c ca nặng hơn.</p>\r\n\r\n<p style=\"text-align:justify\">Hiện nay, IDx-DR chỉ ph&aacute;t hiện v&agrave; đ&aacute;nh gi&aacute;&nbsp;<strong>bệnh v&otilde;ng mạc do tiểu đường</strong>. N&oacute; kh&ocirc;ng hiệu quả tr&ecirc;n tất cả bệnh nh&acirc;n. Những người từng điều trị laser, phẫu thuật hoặc c&oacute; một số vấn đề kh&aacute;c như nh&igrave;n mờ kh&ocirc;ng n&ecirc;n sử dụng IDx-DR.</p>\r\n\r\n<p style=\"text-align:justify\">Ngo&agrave;i bệnh v&otilde;ng mạc do tiểu đường, c&ocirc;ng nghệ AI c&ograve;n được ứng dụng để chẩn đo&aacute;n ung thư tuyến tiền liệt v&agrave; t&igrave;nh trạng mất thị lực do tuổi gi&agrave;. Gần đ&acirc;y, một khảo s&aacute;t cho thấy hầu hết người Mỹ cảm thấy thoải m&aacute;i khi sử dụng AI, song c&ocirc;ng nghệ n&agrave;y l&agrave;m dấy l&ecirc;n h&agrave;ng loạt c&acirc;u hỏi về đạo đức. V&iacute; dụ ai sẽ chịu tr&aacute;ch nhiệm nếu chẩn đo&aacute;n sai v&agrave; l&agrave;m c&aacute;ch n&agrave;o để bảo vệ quyền ri&ecirc;ng tư cũng như ngăn chặn khủng bố sinh học qua c&ocirc;ng nghệ nano.</p>', 'P8EU_a2.jpg', 0, 0, 43, '2018-04-20 15:55:14', '2018-04-20 15:55:14'),
(1017, 'Trí tuệ nhân tạo là gì? AI (artificial intelligence) là gì?', 'tri-tue-nhan-tao-la-gi-ai-artificial-intelligence-la-gi-', '<p><strong>Định nghĩa tr&iacute; tuệ nh&acirc;n tạo: (AI: Artificial Intelligence) c&oacute; thể được định nghĩa như một ng&agrave;nh của khoa học m&aacute;y t&iacute;nh li&ecirc;n quan đến việc tự động h&oacute;a c&aacute;c h&agrave;nh vi th&ocirc;ng minh.</strong></p>', '<p style=\"text-align:justify\">AI l&agrave; một bộ phận của khoa học m&aacute;y t&iacute;nh v&agrave; do đ&oacute; n&oacute; phải được đặt tr&ecirc;n những nguy&ecirc;n l&yacute; l&yacute; thuyết vững chắc, c&oacute; khả năng ứng dụng được của lĩnh vực n&agrave;y.</p>\r\n\r\n<p style=\"text-align:justify\">Ở thời điểm hiện tại, Thuật ngữ n&agrave;y thường d&ugrave;ng để n&oacute;i đến c&aacute;c M&Aacute;Y T&Iacute;NH c&oacute; mục đ&iacute;ch kh&ocirc;ng nhất định v&agrave; ng&agrave;nh khoa học nghi&ecirc;n cứu về c&aacute;c l&yacute; thuyết v&agrave; ứng dụng của tr&iacute; tuệ nh&acirc;n tạo. Tức l&agrave; mỗi loại tr&iacute; tuệ nh&acirc;n tạo hiện nay đang dừng lại ở mức độ những m&aacute;y t&iacute;nh hoặc si&ecirc;u m&aacute;y t&iacute;nh d&ugrave;ng để xử l&yacute; một loại c&ocirc;ng việc n&agrave;o đ&oacute; như điều khiển một ng&ocirc;i nh&agrave;, nghi&ecirc;n cứu nhận diện h&igrave;nh ảnh, xử l&yacute; dữ liệu của bệnh nh&acirc;n để đưa ra ph&aacute;c đồ điều trị, xử l&yacute; dữ liệu để tự học hỏi, khả năng trả lời c&aacute;c c&acirc;u hỏi về chẩn đo&aacute;n bệnh, trả lời kh&aacute;ch h&agrave;ng về c&aacute;c sản phẩm của một c&ocirc;ng ty,...</p>\r\n\r\n<p style=\"text-align:justify\"><img alt=\"AI là một bộ phận của khoa học máy tính và do đó nó phải được đặt trên những nguyên lý lý thuyết vững chắc.\" src=\"http://img.khoahoc.tv/photos/image/2017/03/25/tri-tue-nhan-tao.jpg\" style=\"height:563px; width:750px\" title=\"AI là một bộ phận của khoa học máy tính và do đó nó phải được đặt trên những nguyên lý lý thuyết vững chắc.\" /><br />\r\nAI l&agrave; một bộ phận của khoa học m&aacute;y t&iacute;nh v&agrave; do đ&oacute; n&oacute; phải được đặt tr&ecirc;n những nguy&ecirc;n l&yacute; l&yacute; thuyết vững chắc.</p>\r\n\r\n<p style=\"text-align:justify\">N&oacute;i n&ocirc;m na cho dễ hiểu:&nbsp;<strong>đ&oacute; l&agrave; tr&iacute; tuệ của m&aacute;y m&oacute;c được tạo ra bởi con người.</strong>&nbsp;Tr&iacute; tuệ n&agrave;y c&oacute; thể tư duy, suy nghĩ, học hỏi,... như tr&iacute; tuệ con người. Xử l&yacute; dữ liệu ở mức rộng lớn hơn, quy m&ocirc; hơn, hệ thống, khoa học v&agrave; nhanh hơn so với con người.</p>\r\n\r\n<p style=\"text-align:justify\">Rất nhiều h&atilde;ng c&ocirc;ng nghệ nổi tiếng c&oacute; tham vọng tạo ra được những AI (tr&iacute; tuệ nh&acirc;n tạo) v&igrave; gi&aacute; trị của ch&uacute;ng l&agrave; v&ocirc; c&ugrave;ng lớn, giải quyết được rất nhiều vấn đề của con người m&agrave; lo&agrave;i người đang chưa giải quyết được.</p>\r\n\r\n<p style=\"text-align:justify\"><strong>Tr&iacute; tuệ nh&acirc;n tạo mang lại rất nhiều gi&aacute; trị cho cuộc sống lo&agrave;i người, nhưng cũng tiềm ẩn những nguy cơ.</strong>&nbsp;Rất nhiều chuy&ecirc;n gia lo lắng rằng khi tr&iacute; tuệ nh&acirc;n tạo đạt tới 1 ngưỡng tiến h&oacute;a n&agrave;o đ&oacute; th&igrave; đ&oacute; cũng l&agrave; thời điểm lo&agrave;i người bị tận diệt. Rất nhiều c&aacute;c bộ phim đ&atilde; khai th&aacute;c đề t&agrave;i n&agrave;y với nhiều g&oacute;c nh&igrave;n, nhưng qua đ&oacute; đều muốn cảnh b&aacute;o lo&agrave;i người về mối nguy đặc biệt n&agrave;y.</p>\r\n\r\n<p style=\"text-align:justify\"><br />\r\n1 cảnh trong bộ phim &quot;I, Robot&quot; n&oacute;i về một AI đ&atilde; tiến h&oacute;a, sau đ&oacute; đ&atilde; dồn con người v&agrave;o cảnh<em>&nbsp;&quot;n&ocirc; lệ&quot;</em>&nbsp;với danh nghĩa bảo vệ con người.</p>\r\n\r\n<p style=\"text-align:justify\">Dự b&aacute;o cho rằng từ 5 đến 10 năm nữa, ng&agrave;nh khoa học n&agrave;y sẽ ph&aacute;t triển l&ecirc;n tới đỉnh cao. H&atilde;y c&ugrave;ng chờ đợi những th&agrave;nh tựu mới nhất của lo&agrave;i người về lĩnh vực n&agrave;y.</p>', '3OFG_a3.jpg', 0, 0, 43, '2018-04-20 16:02:23', '2018-04-20 16:02:23'),
(1018, 'Elon Musk cảnh báo AI có thể thống trị nhân loại vĩnh viễn', 'elon-musk-canh-bao-ai-co-the-thong-tri-nhan-loai-vinh-vien', '<p><strong>Tỷ ph&uacute; Elon Musk chỉ ra nguy cơ tr&iacute; tuệ nh&acirc;n tạo (AI) trở n&ecirc;n th&ocirc;ng minh vượt trội v&agrave; ti&ecirc;u diệt con người để thực hiện mục ti&ecirc;u.</strong></p>', '<p style=\"text-align:justify\">Việc ph&aacute;t triển tr&iacute; tuệ nh&acirc;n tạo (AI) c&oacute; thể dẫn đến sự ra đời của một robot độc t&agrave;i thống trị nh&acirc;n loại vĩnh viễn, tỷ ph&uacute; Elon Musk n&ecirc;u &yacute; kiến trong chương tr&igrave;nh<em>&nbsp;&quot;Do You Trust This Computer?</em>&quot;, Science Alert h&ocirc;m 6/4 đưa tin.&nbsp;<em>&quot;Nếu một c&ocirc;ng ty hoặc nh&oacute;m người nhỏ ph&aacute;t triển th&agrave;nh c&ocirc;ng si&ecirc;u tr&iacute; tuệ, họ c&oacute; thể thống trị thế giới&quot;</em>, Musk nhận định.</p>\r\n\r\n<p style=\"text-align:justify\"><em>&quot;&Iacute;t nhất khi c&oacute; một kẻ độc t&agrave;i xấu xa, kẻ đ&oacute; rồi cũng sẽ chết. Nhưng tr&iacute; tuệ nh&acirc;n tạo kh&ocirc;ng chết, n&oacute; sẽ sống m&atilde;i. Khi đ&oacute; bạn c&oacute; một kẻ độc t&agrave;i bất tử m&agrave; ch&uacute;ng ta kh&ocirc;ng bao giờ tho&aacute;t được&quot;</em>, &ocirc;ng bổ sung.</p>\r\n\r\n<p style=\"text-align:justify\"><img alt=\"Tỷ phú Elon Musk.\" src=\"http://img.khoahoc.tv/photos/image/2018/04/09/elon-musk.jpg\" style=\"height:438px; width:750px\" /><br />\r\nTỷ ph&uacute; Elon Musk.</p>\r\n\r\n<p style=\"text-align:justify\">Chương tr&igrave;nh chỉ ra những nguy cơ m&agrave; tr&iacute; tuệ nh&acirc;n tạo c&oacute; thể mang lại, trong đ&oacute; c&oacute; viễn cảnh tr&iacute; tuệ nh&acirc;n tạo tiến h&oacute;a, trở n&ecirc;n th&ocirc;ng minh hơn con người v&agrave; tự l&agrave;m chủ m&igrave;nh.&nbsp;<em>&quot;Ch&uacute;ng ta đang tiến nhanh đến những si&ecirc;u tr&iacute; tuệ số vượt xa bất kỳ người n&agrave;o. T&ocirc;i nghĩ điều đ&oacute; rất hiển nhi&ecirc;n. Ch&uacute;ng ta c&oacute; 5 năm. T&ocirc;i nghĩ 100% si&ecirc;u tr&iacute; tuệ số sẽ xuất hiện trong đời m&igrave;nh</em>&quot;, Musk chia sẻ.</p>\r\n\r\n<p style=\"text-align:justify\">Nếu si&ecirc;u tr&iacute; tuệ nh&acirc;n tạo trở n&ecirc;n th&ocirc;ng minh hơn con người, ch&uacute;ng ta c&oacute; thể mất kiểm so&aacute;t ch&uacute;ng. Chương tr&igrave;nh đưa ra khả năng tr&iacute; tuệ nh&acirc;n tạo cố gắng ho&agrave;n th&agrave;nh mục ti&ecirc;u của m&igrave;nh theo c&aacute;ch con người kh&ocirc;ng chấp thuận nhưng cũng kh&ocirc;ng ngăn chặn được.</p>\r\n\r\n<p style=\"text-align:justify\"><em>&quot;Tr&iacute; tuệ nh&acirc;n tạo kh&ocirc;ng cần phải độc &aacute;c th&igrave; mới hủy diệt nh&acirc;n loại. Nếu tr&iacute; tuệ nh&acirc;n tạo đặt ra mục ti&ecirc;u v&agrave; con người t&igrave;nh cờ ng&aacute;ng đường, n&oacute; sẽ ti&ecirc;u diệt con người như điều tất nhi&ecirc;n m&agrave; kh&ocirc;ng cần nghĩ ngợi hay cảm thấy kh&oacute; khăn. Giống như khi ch&uacute;ng ta l&agrave;m đường nhưng kh&ocirc;ng may vướng tổ kiến. Ch&uacute;ng ta kh&ocirc;ng gh&eacute;t kiến m&agrave; chỉ đang l&agrave;m đường, v&agrave; đ&agrave;nh loại bỏ chiếc tổ&quot;</em>, Musk giải th&iacute;ch.</p>', '9rWu_a4.jpg', 0, 0, 43, '2018-04-20 16:20:58', '2018-04-20 16:20:58'),
(1019, 'Trung Quốc hướng tới sản xuất một con chip có thể thêm AI vào bất kỳ thiết bị nào', 'trung-quoc-huong-toi-san-xuat-mot-con-chip-co-the-them-ai-vao-bat-ky-thiet-bi-nao', '<p><strong>Nhưng Trung Quốc vẫn c&ograve;n phải cố gắng nhiều trong thị trường c&ocirc;ng nghệ đang bị thay đổi bởi AI.</strong></p>', '<p style=\"text-align:justify\">Ngồi tr&ecirc;n b&agrave;n tại một văn ph&ograve;ng đặt tại Đại học Tsinghua, Bắc Kinh, Trung Quốc l&agrave; một con chip đang xử l&yacute; dữ liệu thu về từ một c&aacute;i camera đặt gần đ&oacute;, c&aacute;i camera đang ghi ch&eacute;p lại khu&ocirc;n mặt của từng người đi qua n&oacute;, đưa về một hệ thống dữ liệu khổng lồ. V&agrave;i gi&acirc;y sau,&nbsp;<strong>con chip c&oacute; t&ecirc;n Thinker</strong>&nbsp;n&agrave;y đang thực hiện t&aacute;c vụ được đưa cho n&oacute; bằng một giọng tiếng Trung.</p>\r\n\r\n<p style=\"text-align:justify\">Được thiết kế để hỗ trợ mạng neural,&nbsp;<strong>con chip l&agrave; một hệ thống điện<em>&nbsp;&quot;khổng lồ&quot;</em></strong>gồm 8 vi&ecirc;n pin tiểu AA. Đ&aacute;ng ngạc nhi&ecirc;n hơn nữa, l&agrave; t&aacute;m vi&ecirc;n pin n&agrave;y c&oacute; thể cung cấp năng lượng cho Thinker trong v&ograve;ng 1 năm trời.</p>\r\n\r\n<p style=\"text-align:justify\"><img alt=\"\" src=\"http://img.khoahoc.tv/photos/image/2018/02/12/chip-Thinker.jpg\" style=\"height:494px; width:660px\" /><br />\r\nChip Thinker.</p>\r\n\r\n<p style=\"text-align:justify\">Con chip Thinker c&oacute; thể điều chỉnh khả năng t&iacute;nh to&aacute;n v&agrave; bộ nhớ của m&igrave;nh để thỏa m&atilde;n y&ecirc;u cầu của phần mềm. Đ&acirc;y l&agrave; một thuộc t&iacute;nh quan trọng bởi lẽ rất nhiều ứng dụng&nbsp;<a href=\"http://khoahoc.tv/tri-tue-nhan-tao-la-gi-ai-artificial-intelligence-la-gi-80106\" rel=\"noopener noreferrer\" target=\"_blank\" title=\"Trí tuệ nhân tạo là gì? AI (artificial intelligence) là gì?\">tr&iacute; tuệ nh&acirc;n tạo AI</a>&nbsp;hiện h&agrave;nh &ndash; đa số l&agrave; nhận dạng vật thể trong ảnh hay hiểu giọng n&oacute;i của người ra lệnh &ndash; đều cần tới nhiều mạng neural kh&aacute;c nhau cũng với những lớp th&ocirc;ng tin, xử l&yacute; kh&aacute;c nhau.</p>\r\n\r\n<p style=\"text-align:justify\">Th&aacute;ng 12/2017, một bản b&aacute;o c&aacute;o khoa học m&ocirc; tả thiết kế của Thinker được đăng tải tr&ecirc;n Tạp ch&iacute; Mạch điện Thể rắn &ndash; cuốn tạp ch&iacute; h&agrave;ng đầu về thiết kế phần cứng m&aacute;y t&iacute;nh. Với cộng đồng nghi&ecirc;n cứu v&agrave; ph&aacute;t triển chip tại Trung Quốc, đ&acirc;y l&agrave; một th&agrave;nh tựu cực kỳ c&oacute; gi&aacute; trị.</p>\r\n\r\n<p style=\"text-align:justify\">Con chip n&agrave;y l&agrave; v&iacute; dụ cho thấy một xu hướng quan trọng đang qu&eacute;t qua mọi kh&iacute;a cạnh của c&aacute;c ng&agrave;nh c&ocirc;ng nghệ Trung Quốc. Những h&atilde;ng sản xuất thiết bị b&aacute;n dẫn nh&igrave;n thấy một cơ hội khẳng định m&igrave;nh, một cơ hội chế tạo ra phần cứng sử dụng được AI.&nbsp;<strong>Chip m&aacute;y t&iacute;nh</strong>&nbsp;ch&iacute;nh l&agrave; ch&igrave;a kh&oacute;a mở ra c&aacute;nh cửa th&agrave;nh c&ocirc;ng của AI, v&igrave; thế Trung Quốc phải tự ph&aacute;t triển một ng&agrave;nh c&ocirc;ng nghiệp phần cứng xứng đ&aacute;ng với tiềm năng của AI, để khiến to&agrave;n ng&agrave;nh trở th&agrave;nh một thế lực c&ocirc;ng nghệ của thế giới.</p>\r\n\r\n<p style=\"text-align:justify\"><img alt=\" Chip máy tính chính là chìa khóa mở ra cánh cửa thành công của AI\" src=\"http://img.khoahoc.tv/photos/image/2018/02/12/chip-Thinker-1.jpg\" style=\"height:440px; width:660px\" /><br />\r\nChip m&aacute;y t&iacute;nh ch&iacute;nh l&agrave; ch&igrave;a kh&oacute;a mở ra c&aacute;nh cửa th&agrave;nh c&ocirc;ng của AI.</p>\r\n\r\n<p style=\"text-align:justify\"><em>&quot;So s&aacute;nh với những lần Trung Quốc phản ứng với những cuộc c&aacute;ch mạng c&ocirc;ng nghệ th&ocirc;ng tin trước đ&acirc;y, ta c&oacute; thể thấy tốc độ Trung Quốc đang chạy theo xu hướng tr&iacute; tuệ nh&acirc;n tạo l&agrave; nhanh nhất thế giới&quot;</em>, &ocirc;ng Shouyi Yin, ph&oacute; gi&aacute;m đốc Viện Vi điện tử của Đại học Tsinghua ph&aacute;t biểu.</p>\r\n\r\n<p style=\"text-align:justify\">D&ugrave; Trung Quốc đang l&agrave; nơi sản xuất tấm&nbsp;<a href=\"http://khoahoc.tv/pin-mat-troi-hoat-dong-nhu-the-nao-45987\" rel=\"noopener noreferrer\" target=\"_blank\" title=\"Pin mặt trời hoạt động như thế nào?\">pin năng lượng Mặt Trời</a>&nbsp;v&agrave; smartphone h&agrave;ng đầu, ng&agrave;nh c&ocirc;ng nghiệp b&aacute;n dẫn của họ vẫn đi sau Mỹ nhiều lắm. Khoảng thời gian giữa th&aacute;ng Gi&ecirc;ng v&agrave; th&aacute;ng Ch&iacute;n năm 2017, Trung Quốc bỏ ra 182,8 tỷ USD để nhập khẩu mạch điện &ndash; tăng 13,5% so với năm ngo&aacute;i. Những c&ocirc;ng ty c&ocirc;ng nghệ lớn của Mỹ - như Intel hay Google c&ugrave;ng c&aacute;c c&ocirc;ng ty, c&aacute;c startup nhỏ kh&aacute;c đều đang tiến h&agrave;nh ph&aacute;t triển chip cho ứng dụng tr&iacute; tuệ nh&acirc;n tạo.</p>\r\n\r\n<p style=\"text-align:justify\">Trung Quốc phải c&oacute; mặt trong cuộc đua n&agrave;y, v&igrave; thế ch&iacute;nh phủ họ đ&atilde; đưa ra bản kế hoạch 3 năm, nhằm đạt mục ti&ecirc;u sản xuất h&agrave;ng loạt chip xử l&yacute; mạng neural v&agrave;o năm 2020.</p>\r\n\r\n<p style=\"text-align:justify\">Chip hiện tại vẫn c&oacute; thể chạy được c&aacute;c phần mềm AI nhưng những thiết kế chip n&agrave;y vừa tốn k&eacute;m m&agrave; lại kh&ocirc;ng thể t&iacute;ch hợp với c&aacute;c thiết bị điện tử nhỏ. Đ&oacute; l&agrave; l&yacute; do tại sao đội ngũ nghi&ecirc;n cứu Trung Quốc ph&aacute;t triển Thinker.</p>\r\n\r\n<p style=\"text-align:justify\"><img alt=\"Chip hiện tại vẫn có thể chạy được các phần mềm AI nhưng thiết kế chip này rất tốn kém.\" src=\"http://img.khoahoc.tv/photos/image/2018/02/12/chip-Thinker-2.jpg\" style=\"height:371px; width:660px\" /><br />\r\nChip hiện tại vẫn c&oacute; thể chạy được c&aacute;c phần mềm AI nhưng thiết kế chip n&agrave;y rất tốn k&eacute;m.</p>\r\n\r\n<p style=\"text-align:justify\">Con chip Thinker n&agrave;y c&oacute; thể được gắn v&agrave;o nhiều thiết bị kh&aacute;c nhau như điện smartphone, đồng hồ th&ocirc;ng minh, robot xử l&yacute; việc nh&agrave; hay gắn v&agrave;o những trạm đo đạc đặt tại vị tr&iacute; hiểm trở. Dự kiến, những sản phẩm đầu ti&ecirc;n chạy chip Thinker sẽ được ra mắt v&agrave;o th&aacute;ng Ba n&agrave;y.</p>\r\n\r\n<p style=\"text-align:justify\">Đội ngũ tại Tsinghua kh&ocirc;ng phải l&agrave; những người duy nhất nghĩ vậy. Đ&acirc;y đ&oacute; tại Trung Quốc, những dự &aacute;n tương tự vẫn xuất hiện. Cuối th&aacute;ng Một, đội ngũ nghi&ecirc;n cứu tại Viện Khoa học M&aacute;y t&iacute;nh của Học viện Khoa học Trung Quốc sản xuất một loạt chip d&ugrave;ng cho robot c&oacute; t&ecirc;n&nbsp;<strong>Dadu</strong>. Con chip n&agrave;y c&oacute; hai nh&acirc;n, một để vận h&agrave;nh mạng neural v&agrave; một để điều khiển chuyển động của robot.</p>\r\n\r\n<p style=\"text-align:justify\">Lịch sử ph&aacute;t triển ng&agrave;nh sản xuất chip của Trung Quốc c&oacute; thăng v&agrave; cũng c&oacute; trầm. Tuy nhi&ecirc;n, ta c&oacute; thể thấy r&otilde; một điều rằng tốc độ ph&aacute;t triển của ng&agrave;nh n&agrave;y tại Trung Quốc l&agrave; cực kỳ nhanh ch&oacute;ng. Trong ch&iacute;nh s&aacute;ch của ch&iacute;nh phủ Trung Quốc năm 2015, họ n&oacute;i r&otilde; rằng ng&agrave;nh thiết kế v&agrave; chế tạo chip l&agrave; một ng&agrave;nh mũi nhọn cần phải c&oacute; đột ph&aacute;.</p>\r\n\r\n<p style=\"text-align:justify\"><em>&quot;Trong tương lai, c&aacute;c c&ocirc;ng ty chỉ chuy&ecirc;n sản xuất chip sẽ &iacute;t dần đi&quot;</em>, đ&oacute; l&agrave; lời khẳng định của Fengxiang Ma, gi&aacute;m đốc thiết kế mạch ASIC tại Horizon Robotics, startup đến từ Bắc Kinh tập trung chuy&ecirc;n m&ocirc;n v&agrave;o &aacute;p dụng AI l&ecirc;n c&ocirc;ng nghệ tự lại v&agrave; camera qu&eacute;t h&igrave;nh ảnh. Th&aacute;ng 12 năm ngo&aacute;i, họ cho ra mắt hai con chip, một con c&oacute; thể nhận dạng người đi đường (để gắn xe &ocirc; t&ocirc;) v&agrave; một con để ph&acirc;n t&iacute;ch th&oacute;i quen mua sắm của người đi si&ecirc;u thị.</p>\r\n\r\n<p style=\"text-align:justify\">Hiện tại, c&aacute;c nh&agrave; nghi&ecirc;n cứu chip Trung Quốc c&oacute; rất nhiều việc phải l&agrave;m: l&agrave;m sao để họ thương mại h&oacute;a được thiết kế chip của m&igrave;nh, l&agrave;m sao để tăng quy m&ocirc; sản xuất, l&agrave;m sao để vận h&agrave;nh trong một thị trường m&aacute;y t&iacute;nh đang bị thay đổi bởi tr&iacute; tuệ nh&acirc;n tạo. Một khi giải quyết được những vấn đề n&agrave;y, họ sẽ vươn l&ecirc;n mạnh mẽ hơn bao giờ hết.</p>', '9MNZ_a5.jpg', 0, 0, 43, '2018-04-20 16:26:28', '2018-04-21 00:25:45'),
(1020, 'Quan chức Ấn Độ tuyên bố Internet được phát minh ở xứ cà ri!', 'quan-chuc-an-do-tuyen-bo-internet-duoc-phat-minh-o-xu-ca-ri-', '<p><strong>Một vị quan chức Ấn Độ đ&atilde; l&ecirc;n tiếng tuy&ecirc;n bố Internet được người Ấn Độ cổ xưa ph&aacute;t minh ra c&aacute;ch đ&acirc;y h&agrave;ng ng&agrave;n năm trước.</strong></p>', '<p style=\"text-align:justify\">&Ocirc;ng Biplab Deb &ndash; Thống đốc bang Tripura (Ấn Độ) v&agrave;o h&ocirc;m qua (17/4) cho biết, từ sử thi Mahabharata của nước n&agrave;y, c&oacute; thể thấy Internet v&agrave; thậm ch&iacute; l&agrave; vệ tinh đ&atilde; tồn tại từ rất l&acirc;u.</p>\r\n\r\n<p style=\"text-align:justify\"><img alt=\"Thống đốc bang Tripura Biplab Deb.\" src=\"http://img.khoahoc.tv/photos/image/2018/04/19/Tripura-Biplab-Deb.jpg\" style=\"height:500px; width:750px\" /><br />\r\nThống đốc bang Tripura Biplab Deb. (Ảnh: PTI).</p>\r\n\r\n<p style=\"text-align:justify\"><em>&ldquo;Ấn Độ đ&atilde; sử dụng Internet từ l&acirc;u. Trong Mahabharata, Sanjay d&ugrave; bị m&ugrave; nhưng vẫn thuật lại được t&igrave;nh h&igrave;nh chiến trận cho vua Dhritarashtra đang ở c&aacute;ch đ&oacute; h&agrave;ng dặm liền. Đ&oacute; l&agrave; nhờ internet v&agrave; c&ocirc;ng nghệ. Vệ tinh vũ trụ cũng đ&atilde; xuất hiện trong giai đoạn đ&oacute;&rdquo;,</em>&nbsp;&ocirc;ng Deb ph&aacute;t biểu trước c&ocirc;ng ch&uacute;ng.</p>\r\n\r\n<p style=\"text-align:justify\">Tuy nhi&ecirc;n, v&iacute; dụ của &ocirc;ng dường như kh&ocirc;ng thuyết phục được bất kỳ ai. Thậm ch&iacute;, tr&ecirc;n c&aacute;c mạng x&atilde; hội như Twitter, từ kh&oacute;a&nbsp;<em>&quot;Tripura CM Biplap Deb&quot;</em>&nbsp;đang trở n&ecirc;n rất n&oacute;ng khi m&agrave; c&aacute;c cư d&acirc;n mạng đang dồn dập chế giễu v&agrave; chỉ tr&iacute;ch tuy&ecirc;n bố c&oacute; vẻ&nbsp;<em>&ldquo;hoang đường&rdquo;</em>&nbsp;n&agrave;y.</p>\r\n\r\n<p style=\"text-align:justify\">Được biết, &ocirc;ng Deb kh&ocirc;ng phải l&agrave; vị quan chức Ấn Độ đầu ti&ecirc;n c&oacute; tuy&ecirc;n bố&nbsp;<em>&ldquo;h&ugrave;ng hồn&rdquo;</em>&nbsp;về tiến bộ c&ocirc;ng nghệ v&agrave; khoa học của xứ sở c&agrave; ri. Trước đ&oacute; v&agrave;o hồi 2014, Thủ tướng nước n&agrave;y l&agrave; &ocirc;ng Narenda Modi cũng đ&atilde; quả quyết với c&aacute;c b&aacute;c sĩ v&agrave; nh&acirc;n vi&ecirc;n y tế ở bệnh viện Mumbai rằng việc phẫu thuật thẩm mỹ đ&atilde; c&oacute; từ thời Ấn Độ cổ xưa.</p>\r\n\r\n<p style=\"text-align:justify\">Gần đ&acirc;y nhất v&agrave;o th&aacute;ng 9 năm ngo&aacute;i, Bộ trưởng Bộ Ph&aacute;t triển Nguồn nh&acirc;n lực phụ tr&aacute;ch Gi&aacute;o dục Cơ sở Ấn Độ Satyapal Singh cũng đ&atilde; khiến giới truyền th&ocirc;ng phải&nbsp;<em>&ldquo;nh&iacute;u m&agrave;y&rdquo;</em>&nbsp;khi cho rằng m&aacute;y bay đ&atilde; xuất hiện v&agrave;o thời Sử thi Ramayana.</p>\r\n\r\n<table border=\"2\">\r\n	<tbody>\r\n		<tr>\r\n			<td>\r\n			<p style=\"text-align:justify\"><strong>Mahabharata</strong>&nbsp;l&agrave; một trong hai cuốn Sử thi tiếng Phạn (Sanskrit) Ấn Độ cổ, cuốn thứ hai l&agrave;&nbsp;<strong>Ramayana.</strong>&nbsp;Mahabharata bao gồm 110.000 c&acirc;u thơ đ&ocirc;i (sloka), l&agrave; thi&ecirc;n sử thi d&agrave;i nhất tr&ecirc;n thế giới, gấp 7 lần tổng số c&acirc;u thơ của hai bộ sử thi Hy Lạp cổ đại l&agrave; Iliad v&agrave; Odyssey cộng lại. T&aacute;c phẩm n&agrave;y được coi l&agrave; &quot;Đại B&aacute;ch khoa to&agrave;n thư&quot; về văn h&oacute;a truyền thống, về c&aacute;c truyền thuyết v&agrave; về c&aacute;c thể chế ch&iacute;nh trị - x&atilde; hội của Ấn Độ cổ xưa. N&oacute; l&agrave; tấm gương phản chiếu to&agrave;n bộ đời sống con người Ấn Độ truyền thống như lời một c&acirc;u ngạn ngữ cổ:&nbsp;<em>&quot;C&aacute;i g&igrave; kh&ocirc;ng thấy được ở trong Mahabharata th&igrave; cũng kh&ocirc;ng thể n&agrave;o thấy được ở Ấn Độ&quot;</em>.</p>\r\n\r\n			<p style=\"text-align:justify\">Cuốn sử thi n&agrave;y cũng chiếm vị tr&iacute; quan trọng trong triết học v&agrave; t&ocirc;n gi&aacute;o tại Ấn Độ, do n&oacute; c&oacute; lồng gh&eacute;p cuộc đối thoại triết l&yacute; d&agrave;i tới 700 c&acirc;u thơ giữa dũng sĩ Arjuna v&agrave; thần Krishna trước khi khai chiến. Phần thơ triết học kỳ diệu n&agrave;y được xem như một t&aacute;c phẩm độc lập ho&agrave;n chỉnh mang t&ecirc;n Bhagavad Gita (Ch&iacute; t&ocirc;n ca), một kinh văn quan trọng h&agrave;ng đầu của Hindu gi&aacute;o.</p>\r\n			</td>\r\n		</tr>\r\n	</tbody>\r\n</table>', 'f7sO_a6.jpg', 0, 0, 44, '2018-04-20 16:28:00', '2018-04-21 00:31:05'),
(1021, 'Facebook đang thu thập dữ liệu từ tất cả mọi người, kể cả khi không đăng nhập', 'facebook-dang-thu-thap-du-lieu-tu-tat-ca-moi-nguoi-ke-ca-khi-khong-dang-nhap', '<p><strong>Facebook thu tập cả điểm dữ liệu từ những người kh&ocirc;ng d&ugrave;ng Facebook, v&agrave; đ&oacute; đang l&agrave; lổ hổng lớn nhất trong bảo mật dữ liệu của Facebook.</strong></p>', '<p style=\"text-align:justify\">Facebook lu&ocirc;n khăng khăng khẳng định rằng họ đ&atilde; tu&acirc;n thủ mọi điều khoản d&agrave;nh cho người d&ugrave;ng Facebook. Vậy th&igrave; những người kh&ocirc;ng d&ugrave;ng Facebook th&igrave; sao?</p>\r\n\r\n<p style=\"text-align:justify\">Khi được triệu hồi trước Quốc hội v&agrave;o tuần n&agrave;y,&nbsp;<a href=\"http://khoahoc.tv/mark-zuckerberg-da-khoi-nghiep-nhu-the-nao-57700\" rel=\"noopener noreferrer\" target=\"_blank\" title=\"Mark Zuckerberg đã khởi nghiệp như thế nào?\">Mark Zuckerberg</a>&nbsp;đ&atilde; phải tr&igrave;nh b&agrave;y c&aacute;ch tiếp cận của Facebook với dữ liệu của người d&ugrave;ng một c&aacute;ch c&ocirc;ng khai v&agrave; minh bạch. Sau khi trả lời nhiều c&acirc;u hỏi li&ecirc;n tục, anh đ&atilde; tập trung v&agrave;o những sự lựa chọn bảo mật d&agrave;nh cho người d&ugrave;ng, v&agrave; về quyền sở hữu với những dữ liệu m&agrave; họ chia sẻ. Những g&igrave; anh n&oacute;i kh&ocirc;ng ho&agrave;n to&agrave;n l&agrave; sai. Facebook c&oacute; được dữ liệu l&agrave; do người d&ugrave;ng chia sẻ ch&uacute;ng (đa phần l&agrave; như vậy). Người d&ugrave;ng c&oacute; thể kiểm so&aacute;t dữ liệu v&agrave; tham chiếu ch&uacute;ng hoặc xo&aacute; ch&uacute;ng bất cứ khi n&agrave;o họ muốn (với một v&agrave;i ngoại lệ). V&agrave; nếu bạn xo&aacute; t&agrave;i khoản Facebook của m&igrave;nh, hầu như tất cả dữ liệu sẽ bị biến mất khỏi m&aacute;y chủ của Facebook trong v&ograve;ng 90 ng&agrave;y. Những th&ocirc;ng tin n&agrave;y l&agrave; đ&uacute;ng, nhưng như những ch&uacute; th&iacute;ch trong ngoặc đơn c&oacute; thể cho bạn thấy rằng, ch&uacute;ng kh&ocirc;ng ho&agrave;n hảo v&agrave; c&ograve;n thiếu s&oacute;t. V&agrave;o ng&agrave;y thứ hai của phi&ecirc;n điều trần, c&aacute;c th&agrave;nh vi&ecirc;n Quốc hội đ&atilde; b&aacute;t đầu nhận ra được nhiều sơ hở n&agrave;y.</p>\r\n\r\n<p style=\"text-align:justify\"><img alt=\"Facebook có được dữ liệu là do người dùng chia sẻ chúng (đa phần là như vậy). \" src=\"http://img.khoahoc.tv/photos/image/2018/04/12/facebook.jpg\" style=\"height:375px; width:660px\" /><br />\r\nFacebook c&oacute; được dữ liệu l&agrave; do người d&ugrave;ng chia sẻ ch&uacute;ng (đa phần l&agrave; như vậy).</p>\r\n\r\n<p style=\"text-align:justify\">V&iacute; dụ mạnh mẽ nhất đến từ Nghị sĩ Ben Lujan, người đ&atilde; tra hỏi Zuckerberg về việc sử dụng<em>&nbsp;&quot;hồ sơ v&ocirc; h&igrave;nh&quot;</em>&nbsp;của c&ocirc;ng ty - thuật ngữ &aacute;m chỉ h&agrave;nh vi thu thập dữ liệu của những người kh&ocirc;ng sử dụng Facebook, m&agrave; Zuckerberg dường như kh&ocirc;ng hề biết.</p>\r\n\r\n<p style=\"text-align:justify\">Lujan hỏi:&nbsp;<em>&quot;Th&ocirc;ng tin đ&atilde; được thừa nhận rằng anh c&oacute; thu thập dữ liệu của người kh&ocirc;ng d&ugrave;ng Facebook. C&acirc;u hỏi của t&ocirc;i l&agrave;, liệu những người m&agrave; kh&ocirc;ng c&oacute; t&agrave;i khoản Facebook c&oacute; thể chọn để kh&ocirc;ng phải tham gia h&agrave;nh vi thu thập dữ liệu kh&ocirc;ng tự nguyện của Facebook hay kh&ocirc;ng?&quot;.</em></p>\r\n\r\n<p style=\"text-align:justify\">Zuckerberg trả lời:&nbsp;<em>&quot;Bất cứ ai cũng c&oacute; thể chọn kh&ocirc;ng tham gia thu thập dữ liệu cho quảng c&aacute;o, d&ugrave; họ c&oacute; sử dụng dịch vụ của ch&uacute;ng t&ocirc;i hay kh&ocirc;ng. Nhưng để ngăn chặn mọi người kh&ocirc;ng bị nạo v&eacute;t th&ocirc;ng tin, ch&uacute;ng t&ocirc;i cần biết khi n&agrave;o người đ&oacute; đang li&ecirc;n tiếp truy cập v&agrave;o dịch vụ của ch&uacute;ng t&ocirc;i&quot;.</em></p>\r\n\r\n<p style=\"text-align:justify\">Lujan tiếp tục: &quot;Anh n&oacute;i l&agrave; mọi người đều kiểm so&aacute;t được dữ liệu của họ, nhưng anh&nbsp;<em>đang thu thập dữ liệu của cả những người m&agrave; kh&ocirc;ng phải l&agrave; người d&ugrave;ng Facebook, những người m&agrave; đ&atilde; kh&ocirc;ng k&iacute; kết thoả thuận ri&ecirc;ng tư, v&agrave; giờ anh c&ograve;n thu thập th&ocirc;ng tin của họ. V&agrave; anh đang chỉ đạo những người m&agrave; kh&ocirc;ng c&oacute; t&agrave;i khoản Facebook phải đăng k&yacute; tham gia Facebook để c&oacute; thể lấy được dữ liệu của họ&quot;.</em></p>\r\n\r\n<p style=\"text-align:justify\">Để đổi lại, Lujan đ&atilde; bắt được một lỗ hổng nghi&ecirc;m trọng của Facebook, một lỗ hổng m&agrave; c&oacute; thể đem đến những h&acirc;̣u quả ph&aacute;p l&yacute; trong nhiều th&aacute;ng tới. Sự thật l&agrave;, kể cả nếu bạn chưa bao giờ đăng k&yacute; Facebook, c&ocirc;ng ty n&agrave;y vẫn biết được bạn l&agrave; một người như thế n&agrave;o. Dữ liệu được cập nhật từ danh s&aacute;ch li&ecirc;n kết, ảnh, v&agrave; nhiều nguồn kh&aacute;c.</p>\r\n\r\n<p style=\"text-align:justify\"><img alt=\"Mark Zuckerberg\" src=\"http://img.khoahoc.tv/photos/image/2018/04/12/mark-zuckerberg.jpg\" style=\"height:424px; width:660px\" /><br />\r\nMark Zuckerberg trong buổi điều trần.</p>\r\n\r\n<p style=\"text-align:justify\">Bộ sưu tập dữ liệu của người kh&ocirc;ng d&ugrave;ng Facebook đ&atilde; mở ra rất nhiều c&acirc;u hỏi về dữ liệu n&agrave;o được v&agrave; kh&ocirc;ng được bảo vệ bởi tầm nh&igrave;n của Zuckerberg. Zuckerberg li&ecirc;n tục nhắc lại rằng Facebook c&oacute; thể xo&aacute; tất cả dữ liệu của bạn, khi m&agrave; bạn xo&aacute; t&agrave;i khoản của m&igrave;nh. Nhưng vậy c&ograve;n những t&agrave;i khoản v&ocirc; h&igrave;nh, được h&igrave;nh th&agrave;nh từ trước cả khi bạn lập t&agrave;i khoản Facebook th&igrave; sao? Zuckerberg cũng n&oacute;i về khả năng download dữ liệu Facebook của bạn, nhưng những người kh&ocirc;ng d&ugrave;ng Facebook sẽ kh&ocirc;ng thể tiếp cận được với kho dữ liệu n&agrave;y, v&agrave; c&ocirc;ng cụ tải n&agrave;y cũng sẽ che dấu những dữ liệu m&agrave; Facebook đ&atilde; thu thập v&agrave; sử dụng từ những người kh&ocirc;ng d&ugrave;ng Facebook, kể cả khi đ&oacute; ch&iacute;nh l&agrave; những dữ liệu từ c&ocirc;ng cụ ph&acirc;n t&iacute;ch Pixel của Facebook, hay l&agrave; dữ liệu vị tr&iacute; được k&eacute;o ra từ điện thoại.</p>\r\n\r\n<p style=\"text-align:justify\">V&iacute; dụ cụ thể nhất về những hồ sơ v&ocirc; h&igrave;nh đến từ dịch vụ Những người bạn c&oacute; thể biết của Facebook. Kể cả khi bạn chưa bao giờ đăng k&iacute; Facebook, bạn sẽ xuất hiện trong danh s&aacute;ch đối t&aacute;c của những người d&ugrave;ng Facebook. Khi người d&ugrave;ng kết nối t&agrave;i khoản email hoặc dữ liệu nhắn tin của họ với Facebook, dữ liệu của v&ocirc; số những người kh&ocirc;ng d&ugrave;ng Facebook cũng sẽ bị c&agrave;n qu&eacute;t. Thay v&igrave; xo&aacute; đi th&ocirc;ng tin n&agrave;y, Facebook giữ lại những dữ liệu đ&iacute;nh k&egrave;m v&agrave;o một c&aacute;i m&agrave; Hill tạm gọi l&agrave;<strong><em>&nbsp;&quot;t&agrave;i khoản v&ocirc; h&igrave;nh&quot;.</em></strong>&nbsp;Đ&oacute; l&agrave; cả một ng&acirc;n h&agrave;ng dữ liệu đ&aacute;ng tin cậy được dữ trữ, v&agrave; nếu bạn đăng k&yacute; Facebook, c&ocirc;ng ty sẽ biết ch&iacute;nh x&aacute;c những người họ sẽ giới thiệu kết nối bạn b&egrave; cho bạn.</p>\r\n\r\n<p style=\"text-align:justify\"><img alt=\"Thay vì xoá đi thông tin này, Facebook giữ lại những dữ liệu đính kèm vào một cái mà Hill tạm gọi là \" src=\"http://img.khoahoc.tv/photos/image/2018/04/12/facebook-1.jpg\" /><br />\r\nThay v&igrave; xo&aacute; đi th&ocirc;ng tin n&agrave;y, Facebook giữ lại những dữ liệu đ&iacute;nh k&egrave;m v&agrave;o một c&aacute;i m&agrave; Hill tạm gọi l&agrave; &quot;t&agrave;i khoản v&ocirc; h&igrave;nh&quot;.</p>\r\n\r\n<p style=\"text-align:justify\"><strong>Hồ sơ v&ocirc; h&igrave;nh</strong>&nbsp;sẽ trở th&agrave;nh một bản thay thế cho những dữ liệu m&agrave; kh&ocirc;ng được chia sẻ trong t&agrave;i khoản ch&iacute;nh thức của một người. Facebook cho biết khi m&agrave; bạn xo&aacute; t&agrave;i khoản của bạn, tất cả dữ liệu của bạn sẽ bị xo&aacute; khỏi m&aacute;y chủ của họ trong v&ograve;ng 90 ng&agrave;y. Nhưng thật kh&oacute; để tin rằng luật n&agrave;y &aacute;p dụng cho cả những dữ liệu của t&agrave;i khoản v&ocirc; h&igrave;nh, những dữ liệu tồn tại m&agrave; kh&ocirc;ng cần một t&agrave;i khoản ch&iacute;nh thức. H&ocirc;m nay, Zuckerberg đ&atilde; trấn an Quốc hội rằng c&ocirc;ng cụ download dữ liệu của Facebook bao gồm tất cả những th&ocirc;ng tin của người d&ugrave;ng, nhưng anh kh&ocirc;ng đề cập đến những c&ocirc;ng cụ theo d&otilde;i tr&ecirc;n web m&agrave; Facebook thực hiện th&ocirc;ng qua n&uacute;t Like, v&agrave; chỉ đưa ra c&aacute;c danh mục sở th&iacute;ch chung được tạo ra từ dữ liệu n&agrave;y. L&agrave;m thế n&agrave;o ch&uacute;ng ta c&oacute; thể chắc chắn rằng kh&ocirc;ng c&oacute; dữ liệu tương tự đang được thu thập từ những người kh&ocirc;ng sử dụng Facebook, hoặc liệu dữ liệu n&agrave;y c&oacute; c&ograve;n li&ecirc;n quan tới họ kh&ocirc;ng sau khi họ xo&aacute; t&agrave;i khoản Facebook?</p>\r\n\r\n<p style=\"text-align:justify\">Nghị sĩ Kurt Schrader đ&atilde; cố gắng lấy được c&acirc;u trả lời từ Zuckerberg về h&agrave;nh vi theo d&otilde;i người dũng ở ngo&agrave;i nền tảng mạng x&atilde; hội n&agrave;y, nhưng c&acirc;u trả lời kh&aacute; l&agrave; mơ hồ.</p>\r\n\r\n<p style=\"text-align:justify\">Schrader hỏi:&nbsp;<em>&quot;Theo t&ocirc;i hiểu được từ lời khai ng&agrave;y h&ocirc;m nay l&agrave;, kể cả khi t&ocirc;i đ&atilde; đăng xuất ra khỏi Facebook, c&aacute;c anh vẫn c&oacute; khả năng theo d&otilde;i c&aacute;c tương t&aacute;c của t&ocirc;i tr&ecirc;n web?&quot;.</em></p>\r\n\r\n<p style=\"text-align:justify\">Zuckerberg trả lời:<em>&nbsp;&quot;Anh c&oacute; quyền kiểm so&aacute;t những g&igrave; ch&uacute;ng t&ocirc;i l&agrave;m với c&aacute;c quảng c&aacute;o v&agrave; c&aacute;c bộ sưu tập dữ liệu dựa tr&ecirc;n đ&oacute;. Về khoản an ninh, c&oacute; những thứ cụ thể về c&aacute;ch anh sử dụng Facebook, kể cả khi anh kh&ocirc;ng đăng nhập v&agrave;o nền tảng, để ch&uacute;ng t&ocirc;i theo d&otilde;i nhằm đảm bảo rằng anh đang kh&ocirc;ng lạm dụng hệ thống&quot;.</em></p>\r\n\r\n<p style=\"text-align:justify\"><img alt=\"Bạn không thể thay đổi tuỳ chọn quảng cáo hay tải dữ liệu của bạn về nếu như bạn không phải là người dùng Facebook.\" src=\"http://img.khoahoc.tv/photos/image/2018/04/12/facebook-2.jpg\" style=\"height:442px; width:660px\" /><br />\r\nBạn kh&ocirc;ng thể thay đổi tuỳ chọn quảng c&aacute;o hay tải dữ liệu của bạn về nếu như bạn kh&ocirc;ng phải l&agrave; người d&ugrave;ng Facebook.</p>\r\n\r\n<p style=\"text-align:justify\">C&aacute;c c&acirc;u hỏi trong mảng n&agrave;y th&igrave; cực k&igrave; l&agrave; kh&oacute; lường cho Facebook, v&igrave; như Lujan đ&atilde; chỉ ra, kiểm so&aacute;t của Facebook phụ thuộc v&agrave;o việc một người phải c&oacute; t&agrave;i khoản Facebook. Bạn kh&ocirc;ng thể thay đổi tuỳ chọn quảng c&aacute;o hay tải dữ liệu của bạn về nếu như bạn kh&ocirc;ng phải l&agrave; người d&ugrave;ng Facebook, kể cả khi ch&uacute;ng ta đều biết l&agrave; c&ocirc;ng ty đang lưu trữ nhiều th&ocirc;ng tin li&ecirc;n quan đến ch&uacute;ng ta.</p>\r\n\r\n<p style=\"text-align:justify\">Trong thời điểm hiện tại, c&aacute;c c&ocirc;ng cụ bảo vệ dữ liệu của Facebook chỉ đang phục vụ với mục đ&iacute;ch l&agrave; để trấn an người d&ugrave;ng sau nhiều vụ thu thập dữ liệu hung h&atilde;n đang diễn ra đằng sau hậu trường. Điều n&agrave;y đ&atilde; bị nhấn mạnh trong một cuộc đối thoại nảy lửa với Nghị sĩ Debbie Dingwell v&agrave;o cuối buổi điều trần.</p>\r\n\r\n<p style=\"text-align:justify\">Dingwell n&oacute;i:&nbsp;<em>&quot;L&agrave; CEO, anh c&ograve;n kh&ocirc;ng biết c&aacute;c th&ocirc;ng tin quan trọng. Anh kh&ocirc;ng biết t&agrave;i khoản v&ocirc; h&igrave;nh l&agrave; g&igrave;. Anh kh&ocirc;ng biết l&agrave; m&igrave;nh c&oacute; bao nhi&ecirc;u ứng dụng cần phải thanh tra. Anh kh&ocirc;ng biết l&agrave; trong thời gian qua, c&oacute; bao nhi&ecirc;u c&ocirc;ng ty kh&aacute;c đ&atilde; bị Cambridge Analytica b&aacute;n dữ liệu... Anh c&ograve;n kh&ocirc;ng biết những loại th&ocirc;ng tin kh&aacute;c nhau m&agrave; Facebook đang thu thập từ người d&ugrave;ng&quot;.</em></p>\r\n\r\n<p style=\"text-align:justify\">Dingwell tiếp tục:<em>&nbsp;&quot;Đ&acirc;y l&agrave; c&aacute;i m&agrave; t&ocirc;i thực sư biết đ&acirc;y. Anh c&oacute; c&ocirc;ng cụ theo d&otilde;i xuy&ecirc;n suốt internet. Tr&ecirc;n hầu như mọi website, ch&uacute;ng t&ocirc;i đều thấy n&uacute;t like v&agrave; share của Facebook, v&agrave; với Facebook Pixel, người ta thậm ch&iacute; c&ograve;n kh&ocirc;ng thấy được logo của Facebook. Việc bạn c&oacute; t&agrave;i khoản Facebook hay kh&ocirc;ng l&agrave; kh&ocirc;ng quan trọng. Th&ocirc;ng qua những c&ocirc;ng cụ n&agrave;y, Facebook c&oacute; thể thu thập dữ liệu từ tất cả ch&uacute;ng ta&quot;.</em></p>', 'zZZi_a7.jpg', 1, 0, 44, '2018-04-20 16:29:19', '2018-04-21 00:42:51'),
(1022, '\"Nối gót\" Venezuela, Campuchia tính phát hành tiền ảo quốc gia', 'noi-got-venezuela-campuchia-tinh-phat-hanh-tien-ao-quoc-gia', '<p><strong>Đồng Entapay của Campuchia hứa hẹn sẽ thay thế cả thẻ Visa với vai tr&ograve; l&agrave; phương thức thanh to&aacute;n ch&iacute;nh thống mới...</strong></p>', '<p style=\"text-align:justify\">Theo tờ Telegraph, Campuchia đang c&acirc;n nhắc ph&aacute;t triển&nbsp;<a href=\"http://khoahoc.tv/tong-hop-cac-loai-tien-ao-thong-dung-nhat-hien-nay-81709\" rel=\"noopener noreferrer\" target=\"_blank\" title=\"Tổng hợp các loại tiền ảo thông dụng nhất hiện nay\">đồng tiền ảo</a>&nbsp;ri&ecirc;ng, theo sau việc ph&aacute;t h&agrave;nh đồng tiền số Petro của Venezuela v&agrave;o th&aacute;ng 2 vừa rồi.</p>\r\n\r\n<p style=\"text-align:justify\"><strong>Tiền ảo của Campuchia sẽ c&oacute; t&ecirc;n l&agrave; Entapay</strong>&nbsp;v&agrave; được đề xuất tại một hội nghị về blockchain của c&aacute;c quốc gia Đ&ocirc;ng Nam &Aacute; diễn ra tại thủ đ&ocirc; Phnom Penh ng&agrave;y 7/3 với sự tham dự của ph&oacute; thủ tướng Men Sam An.</p>\r\n\r\n<p style=\"text-align:justify\">Theo th&ocirc;ng c&aacute;o được ph&aacute;t đi trước thềm hội nghị n&agrave;y, Entapay sẽ đ&oacute;ng vai tr&ograve; l&agrave;&nbsp;<em>&quot;cầu nối giữa hệ thống thanh to&aacute;n tiền kỹ thuật số với thế giới thực. Đồng Entapay hứa hẹn sẽ thay thế cả thẻ Visa với vai tr&ograve; l&agrave; phương thức thanh to&aacute;n ch&iacute;nh thống mới. Đồng tiền n&agrave;y sẽ gi&uacute;p Campuchia tận dụng được những lợi thế của&nbsp;<a href=\"http://khoahoc.tv/ethereum-dong-tien-ao-moi-co-the-doi-dau-truc-tiep-voi-bitcoin-81712\" rel=\"noopener noreferrer\" target=\"_blank\" title=\"Ethereum, đồng tiền ảo mới có thể đối đầu trực tiếp với Bitcoin\">cuộc c&aacute;ch mạng blockchain</a>&quot;.</em></p>\r\n\r\n<p style=\"text-align:justify\"><img alt=\"Tiền ảo của Campuchia sẽ có tên là Entapay\" src=\"http://img.khoahoc.tv/photos/image/2018/03/09/entapay.jpg\" style=\"height:500px; width:700px\" /><br />\r\nTiền ảo của Campuchia sẽ c&oacute; t&ecirc;n l&agrave; Entapay.</p>\r\n\r\n<p style=\"text-align:justify\">Trong th&ocirc;ng c&aacute;o tr&ecirc;n, đồng Entapay được so s&aacute;nh với đồng tiền số Petro của Venezuela.</p>\r\n\r\n<p style=\"text-align:justify\"><em>&quot;Tiền số quốc gia sẽ gi&uacute;p đất nước tho&aacute;t khỏi lệnh trừng phạt kinh tế của c&aacute;c nước phương T&acirc;y, đồng thời l&agrave; một k&ecirc;nh ph&aacute;t triển kinh tế mới cho những quốc gia đang ch&igrave;m trong lạm ph&aacute;t trầm trọng&quot;</em>, th&ocirc;ng c&aacute;o tr&ecirc;n n&oacute;i.</p>\r\n\r\n<p style=\"text-align:justify\">Th&ocirc;ng c&aacute;o n&agrave;y cũng đề cập tới việc sẽ sớm c&oacute; viện nghi&ecirc;n cứu c&ocirc;ng nghệ đầu ti&ecirc;n của ASEAN.</p>\r\n\r\n<p style=\"text-align:justify\">Đ&acirc;y kh&ocirc;ng phải lần đầu Campuchia quan t&acirc;m đến tiền ảo. Năm ngo&aacute;i, ng&acirc;n h&agrave;ng trung ương nước n&agrave;y đ&atilde; hợp t&aacute;c với một c&ocirc;ng ty Nhật để thử nghiệm c&ocirc;ng nghệ ph&acirc;n quyền dịch vụ thanh to&aacute;n.</p>\r\n\r\n<p style=\"text-align:justify\">Trong khi đ&oacute;, kế hoạch ph&aacute;t h&agrave;nh tiền ảo Petro của Venezuela được Tổng thống Nicolas Maduro c&ocirc;ng bố lần đầu v&agrave;o th&aacute;ng 12 năm ngo&aacute;i trong bối cảnh lạm ph&aacute;t 4 con số. &Ocirc;ng Maduro cho rằng tiền ảo Petro được hậu thuẫn bằng dầu lửa v&agrave; sẽ gi&uacute;p Venezuela vượt qua được t&aacute;c động từ lệnh trừng phạt của Mỹ.</p>\r\n\r\n<p style=\"text-align:justify\">Ch&iacute;nh phủ Venezuela sẽ bắt b&aacute;n đầu đấu gi&aacute; đồng tiền kỹ thuật số mới ph&aacute;t h&agrave;nh của nước n&agrave;y tới c&aacute;c c&ocirc;ng ty tư nh&acirc;n sau v&agrave;i tuần nữa, th&ocirc;ng qua hệ thống giao dịch ngoại hối c&oacute; t&ecirc;n Dicom.</p>\r\n\r\n<p style=\"text-align:justify\">Th&aacute;ng trước, Iran cũng cho biết đang c&oacute; kế hoạch ph&aacute;t h&agrave;nh một đồng tiền số quốc gia. Cũng giống Venezuela, Iran nằm trong danh s&aacute;ch c&aacute;c nước đang chịu c&aacute;c lệnh trừng phạt của Mỹ.</p>\r\n\r\n<p style=\"text-align:justify\">Thời gian gần đ&acirc;y, c&oacute; nhiều th&ocirc;ng tin n&oacute;i rằng Triều Ti&ecirc;n cũng đang nỗ lực đ&agrave;o tiền ảo v&agrave; sử dụng loại tiền n&agrave;y để &quot;l&aacute;ch&quot; c&aacute;c lệnh trừng phạt kinh tế của Mỹ.</p>', 'QzmW_a9.jpg', 0, 0, 44, '2018-04-20 16:29:52', '2018-04-21 00:43:18');
INSERT INTO `tintuc` (`id`, `TieuDe`, `TieuDeKhongDau`, `TomTat`, `NoiDung`, `Hinh`, `NoiBat`, `SoLuotXem`, `idLoaiTin`, `created_at`, `updated_at`) VALUES
(1023, 'Chuyên gia NASA: Người đầu tiên đặt chân lên sao Hỏa phải là phụ nữ', 'chuyen-gia-nasa-nguoi-dau-tien-dat-chan-len-sao-hoa-phai-la-phu-nu', '<p><strong>Từ trước đến nay, những phi h&agrave;nh gia đặt ch&acirc;n l&ecirc;n Mặt trăng đều l&agrave; nam giới. Nhưng sắp tới đ&acirc;y, khi con người chinh phục sao Hỏa, đ&oacute; sẽ phải l&agrave; phụ nữ.</strong></p>', '<p style=\"text-align:justify\">Từ trước tới nay, d&ugrave; đ&atilde; c&oacute; v&agrave;i phi h&agrave;nh gia l&agrave; nữ, nhưng những người được đặt ch&acirc;n l&ecirc;n Mặt trăng chỉ l&agrave; nam giới m&agrave; th&ocirc;i.</p>\r\n\r\n<p style=\"text-align:justify\"><img alt=\"Phi hành gia\" src=\"http://img.khoahoc.tv/photos/image/2018/04/19/phi-hanh-gia.jpg\" style=\"height:357px; width:634px\" /><br />\r\nThời điểm hiện tại, số lượng phi h&agrave;nh gia nam vẫn đ&ocirc;ng hơn rất nhiều.</p>\r\n\r\n<p style=\"text-align:justify\">L&yacute; do đơn giản l&agrave; v&igrave; du h&agrave;nh vũ trụ vốn được xem l&agrave; cực kỳ khắc nghiệt, khiến nhiều người c&oacute; t&acirc;m l&yacute; tin tưởng nam giới nhiều hơn. Từ 40 năm trước, NASA bắt đầu chọn ra c&aacute;c phi h&agrave;nh gia nữ, nhưng ở thời điểm hiện tại, số lượng nam vẫn đ&ocirc;ng hơn rất nhiều.</p>\r\n\r\n<p style=\"text-align:justify\">Tuy nhi&ecirc;n mới đ&acirc;y, theo&nbsp;<strong>Allison McIntyre</strong>&nbsp;- một kỹ sư l&acirc;u năm tại Trung t&acirc;m h&agrave;ng kh&ocirc;ng Johnson (Houston, Mỹ) của NASA, những&nbsp;<strong>người đầu ti&ecirc;n đặt ch&acirc;n l&ecirc;n sao Hỏa phải l&agrave; phụ nữ.</strong></p>\r\n\r\n<p style=\"text-align:justify\"><em>&quot;Gi&aacute;m đốc của trung t&acirc;m l&agrave; nữ, sếp cũ của t&ocirc;i cũng l&agrave; nữ, ch&uacute;ng ta c&oacute; những phi h&agrave;nh gia nữ, nhưng chưa phụ nữ n&agrave;o được đặt ch&acirc;n l&ecirc;n Mặt trăng&quot;</em>&nbsp;- c&ocirc; cho biết.</p>\r\n\r\n<p style=\"text-align:justify\"><em>&quot;Thế n&ecirc;n t&ocirc;i cho rằng người đầu ti&ecirc;n đặt ch&acirc;n l&ecirc;n sao Hỏa phải l&agrave; phụ nữ&quot;.</em></p>\r\n\r\n<p style=\"text-align:justify\">Được biết, Allison đang l&agrave;m việc tại cơ sơ huấn luyện phi h&agrave;nh gia tiềm năng trước c&aacute;c chuyến th&aacute;m hiểm kh&ocirc;ng gian. Trong đ&oacute;, c&aacute;c ứng vi&ecirc;n phải cho thấy khả năng ứng biến với hỏa hoạn, tr&agrave;n kh&iacute; độc, hoặc một kh&ocirc;ng gian đang sụp đổ.</p>\r\n\r\n<p style=\"text-align:justify\"><img alt=\"Allison - chuyên gia của NASA.\" src=\"http://img.khoahoc.tv/photos/image/2018/04/19/allison.jpg\" style=\"height:371px; width:660px\" /><br />\r\nAllison - chuy&ecirc;n gia của NASA.</p>\r\n\r\n<p style=\"text-align:justify\">Một số nh&acirc;n vi&ecirc;n nữ trong NASA cũng đồng t&igrave;nh với McIntyre. Emily Nelson - gi&aacute;m đốc bay của NASA cho biết mọi thứ chỉ l&agrave; vấn đề thời gian, trước khi phụ nữ được đặt ch&acirc;n l&ecirc;n sao Hỏa.</p>\r\n\r\n<p style=\"text-align:justify\">Theo Nelson, đội phi h&agrave;nh gia nữ của NASA đ&atilde; sẵn s&agrave;ng, nhưng họ kh&ocirc;ng c&ograve;n hướng đến Mặt trăng nữa.&nbsp;<em>&quot;Ch&uacute;ng t&ocirc;i muốn đến một nơi xa hơn như thế, để thử nghiệm một số c&ocirc;ng nghệ cho ph&eacute;p con người - đặc biệt l&agrave; phụ nữ - c&oacute; thể chịu được l&acirc;u hơn trong vũ trụ&quot;.</em></p>\r\n\r\n<p style=\"text-align:justify\"><em>&quot;Một khi l&agrave;m được điều đ&oacute;, đội ngũ phi h&agrave;nh gia hiện tại sẽ kh&ocirc;ng chỉ to&agrave;n l&agrave; đ&agrave;n &ocirc;ng nữa&quot;.</em></p>\r\n\r\n<p style=\"text-align:justify\"><em>&quot;Những phi h&agrave;nh gia trong tương lai sẽ l&agrave; phụ nữ. Đ&oacute; chỉ l&agrave; vấn đề về thời gian&quot;.</em></p>', 'irE4_a10.jpg', 0, 0, 45, '2018-04-20 16:31:03', '2018-04-21 00:43:40'),
(1024, 'Vết tích nghi là siêu núi lửa trên sao Hỏa', 'vet-tich-nghi-la-sieu-nui-lua-tren-sao-hoa', '<p><strong>V&ugrave;ng trũng h&igrave;nh tr&ograve;n tr&ecirc;n h&agrave;nh tinh đỏ c&oacute; thể h&igrave;nh th&agrave;nh sau khi n&uacute;i lửa phun tr&agrave;o mạnh, giải ph&oacute;ng lượng lớn vật chất.</strong></p>', '<p style=\"text-align:justify\">C&aacute;c nh&agrave; khoa học nhận định&nbsp;<strong>v&ugrave;ng trũng h&igrave;nh tr&ograve;n lớn mang t&ecirc;n Ismenia Patera</strong>tr&ecirc;n sao Hỏa c&oacute; thể l&agrave; dấu t&iacute;ch của một si&ecirc;u n&uacute;i lửa sau khi nghi&ecirc;n cứu h&igrave;nh ảnh v&agrave; dữ liệu địa h&igrave;nh mới, Mirror h&ocirc;m 13/4 đưa tin. Trước đ&oacute;, NASA v&agrave; Viện Khoa học H&agrave;nh tinh (PSI) cho rằng v&ugrave;ng trũng n&agrave;y h&igrave;nh th&agrave;nh sau một vụ va chạm cổ xưa với thi&ecirc;n thạch.</p>\r\n\r\n<p style=\"text-align:justify\"><img alt=\"Hình ảnh Ismenia Patera trên sao Hỏa do tàu vũ trụ Mars Express ghi lại. \" src=\"http://img.khoahoc.tv/photos/image/2018/04/16/Ismenia-Patera.jpg\" style=\"height:351px; width:625px\" /><br />\r\nH&igrave;nh ảnh Ismenia Patera tr&ecirc;n sao Hỏa do t&agrave;u vũ trụ Mars Express ghi lại. (Ảnh: ESA).</p>\r\n\r\n<p style=\"text-align:justify\">Dữ liệu mới được gửi về từ c&aacute;c t&agrave;u vũ trụ đang bay quanh sao Hỏa, trong đ&oacute; c&oacute; Mars Odyssey, Mars Global Surveyor, Mars Reconnaissance Orbiter của NASA v&agrave; Mars Express của Cơ quan Vũ trụ ch&acirc;u &Acirc;u (ESA).<em>&nbsp;&quot;Tr&ecirc;n sao Hỏa, n&uacute;i lửa trẻ c&oacute; vẻ ngo&agrave;i rất đặc trưng gi&uacute;p ch&uacute;ng t&ocirc;i nhận diện&quot;</em>, Joseph Michalski, nh&agrave; nghi&ecirc;n cứu tại PSI v&agrave; Bảo t&agrave;ng Lịch sử Tự nhi&ecirc;n London, cho biết.</p>\r\n\r\n<p style=\"text-align:justify\"><em>&quot;Tuy nhi&ecirc;n, việc n&uacute;i lửa cổ xưa tr&ocirc;ng thế n&agrave;o lại l&agrave; c&acirc;u hỏi đ&atilde; tồn tại từ l&acirc;u. C&oacute; lẽ ch&uacute;ng giống như h&igrave;nh ảnh mới n&agrave;y&quot;</em>, Michalski n&oacute;i th&ecirc;m. Nh&oacute;m nghi&ecirc;n cứu cho rằng c&oacute; thể một đợt phun tr&agrave;o mạnh đ&atilde; diễn ra. Những n&uacute;i lửa giải ph&oacute;ng lượng lớn vật chất như vậy chỉ trong một lần phun tr&agrave;o gọi l&agrave;&nbsp;<strong>si&ecirc;u n&uacute;i lửa</strong>, theo ESA.</p>\r\n\r\n<p style=\"text-align:justify\"><em>&quot;Loại phun tr&agrave;o mạnh n&agrave;y giải ph&oacute;ng lượng tro bụi v&agrave; vật chất lớn gấp nhiều lần dạng n&uacute;i lửa trẻ điển h&igrave;nh của sao Hỏa. Trong những vụ phun tr&agrave;o kiểu n&agrave;y tr&ecirc;n Tr&aacute;i Đất, vật chất c&oacute; thể bay l&ecirc;n, lan rộng tr&ecirc;n kh&iacute; quyển v&agrave; tồn tại ở đ&oacute; l&acirc;u đến mức l&agrave;m thay đổi nhiệt độ to&agrave;n cầu nhiều năm&quot;</em>, chuy&ecirc;n gia Jacob Bleacher tại trung t&acirc;m Goddard thuộc NASA giải th&iacute;ch.</p>\r\n\r\n<p style=\"text-align:justify\">Sau khi n&uacute;i lửa phun tr&agrave;o, mặt đất xung quanh c&oacute; thể sụt xuống th&agrave;nh v&ugrave;ng trũng, khiến khu vực n&agrave;y tr&ocirc;ng giống miệng hố do thi&ecirc;n thạch đ&acirc;m xuống.&nbsp;<em>&quot;Nếu c&oacute; v&agrave;i n&uacute;i lửa như vậy từng hoạt động, ch&uacute;ng c&oacute; thể t&aacute;c động lớn đến sự tiến h&oacute;a của sao Hỏa&quot;</em>, Bleacher nhận x&eacute;t.</p>', 'sP2f_a12.jpg', 0, 0, 45, '2018-04-20 16:31:37', '2018-04-21 00:43:59'),
(1025, 'Kế hoạch khám phá sao Hỏa bằng robot ong của NASA', 'ke-hoach-kham-pha-sao-hoa-bang-robot-ong-cua-nasa', '<p><strong>Robot ong c&oacute; thể bay tr&ecirc;n bề mặt sao Hỏa, gi&uacute;p lập bản đồ địa h&igrave;nh v&agrave; nghi&ecirc;n cứu kh&iacute; quyển của h&agrave;nh tinh n&agrave;y.</strong></p>', '<p style=\"text-align:justify\">Cơ quan H&agrave;ng kh&ocirc;ng Vũ trụ Mỹ (NASA) đang l&ecirc;n kế hoạch sử dụng&nbsp;<strong>robot bay cỡ nhỏ mang t&ecirc;n Marsbees</strong>&nbsp;để kh&aacute;m ph&aacute; sao Hỏa trong tương lai. Dự &aacute;n được ph&aacute;t triển bởi nh&oacute;m nghi&ecirc;n cứu từ trường Đại học Alabama của Mỹ, c&ugrave;ng với c&aacute;c nh&agrave; khoa học đến từ Nhật Bản, New York Post h&ocirc;m 2/4 đưa tin.</p>\r\n\r\n<p style=\"text-align:justify\"><img alt=\"Robot ong thăm dò sao Hỏa Marsbees của NASA. \" src=\"http://img.khoahoc.tv/photos/image/2018/04/06/robot-ong-Marsbees.jpg\" style=\"height:390px; width:650px\" /><br />\r\nRobot ong thăm d&ograve; sao Hỏa Marsbees của NASA. (Ảnh: New York Post).</p>\r\n\r\n<p style=\"text-align:justify\"><em>&quot;Robot Marsbees bay bằng c&aacute;ch vỗ c&aacute;nh. Ch&uacute;ng c&oacute; k&iacute;ch thước tương đương lo&agrave;i ong nghệ nhưng c&oacute; đ&ocirc;i c&aacute;nh lớn như c&aacute;nh ve sầu&quot;</em>, Ph&oacute; gi&aacute;o sư Chang-Kwon Kang thuộc trường Đại học Alabama cho biết. &quot;C&aacute;c robot ong n&agrave;y được t&iacute;ch hợp cảm biến v&agrave; thiết bị truyền th&ocirc;ng kh&ocirc;ng d&acirc;y. Ch&uacute;ng sẽ tăng cường đ&aacute;ng kể sứ mệnh thăm d&ograve; sao Hỏa của NASA&quot;.</p>\r\n\r\n<p style=\"text-align:justify\">Nhiệm vụ của Marsbees l&agrave; bay trong bầu kh&iacute; quyển mỏng của sao Hỏa để lập bản đồ địa h&igrave;nh, thu thập dữ liệu về m&ocirc;i trường v&agrave; t&igrave;m kiếm dấu hiệu của sự sống tr&ecirc;n h&agrave;nh tinh Đỏ. So với c&aacute;c robot tự h&agrave;nh thăm d&ograve; sao Hỏa hiện nay của NASA như Curiosity Rover, robot ong Marsbees linh hoạt hơn, c&oacute; khả năng khảo s&aacute;t phạm vi bề mặt rộng hơn v&agrave; tiết kiệm chi ph&iacute; hơn.</p>\r\n\r\n<p style=\"text-align:justify\">Tuy nhi&ecirc;n, Marsbees vẫn phải phụ thuộc v&agrave;o robot tự h&agrave;nh để hoạt động. C&aacute;c robot tự h&agrave;nh sẽ đ&oacute;ng vai tr&ograve; như căn cứ để robot ong Marsbees sạc năng lượng v&agrave; gửi dữ liệu thu thập được về Tr&aacute;i Đất. Dự &aacute;n đang được triển khai ở giai đoạn đoạn đầu - giai đoạn thiết kế, t&iacute;nh to&aacute;n trọng lượng của robot v&agrave; chuyển động của c&aacute;nh để ch&uacute;ng c&oacute; thể bay được trong bầu kh&iacute; quyển mỏng của sao Hỏa.</p>', 'Cied_a8.jpg', 1, 0, 45, '2018-04-20 16:32:24', '2018-04-21 00:44:22'),
(1026, 'Khái niệm về người ngoài hành tinh có từ khi nào?', 'khai-niem-ve-nguoi-ngoai-hanh-tinh-co-tu-khi-nao-', '<p><strong>Niềm tin v&agrave;o sự tồn tại của người ngo&agrave;i h&agrave;nh tinh c&oacute; lẽ đ&atilde; c&oacute; từ thời Ai Cập, Babylon v&agrave; Sumer cổ, mặc d&ugrave; trong c&aacute;c x&atilde; hội đ&oacute;, mọi người coi vũ trụ l&agrave; si&ecirc;u nhi&ecirc;n.</strong></p>', '<p style=\"text-align:justify\">Người phương T&acirc;y đầu ti&ecirc;n c&oacute; l&yacute; luận hệ thống về vấn đề n&agrave;y l&agrave;&nbsp;<strong>Thales</strong>&nbsp;v&agrave; học tr&ograve; của &ocirc;ng&nbsp;<strong>Anaximander</strong>, thế kỷ thứ 7 v&agrave; 6 trước C&ocirc;ng Nguy&ecirc;n.&nbsp;<strong>Thales cho rằng vũ trụ đầy c&aacute;c h&agrave;nh tinh v&agrave; v&igrave; vậy, c&oacute; thể c&oacute; sự sống ngo&agrave;i Tr&aacute;i đất, v&agrave; người ngo&agrave;i h&agrave;nh tinh l&agrave; c&oacute; thật.</strong>&nbsp;Thuyết nguy&ecirc;n tử Ai Cập cho rằng một vũ trụ v&ocirc; tận c&oacute; thể c&oacute; v&ocirc; số thế giới c&oacute; người ở. C&aacute;c c&ocirc;ng tr&igrave;nh nguy&ecirc;n cứu vũ trụ Hy Lạp cổ chống lại &yacute; tưởng về người ngo&agrave;i h&agrave;nh tinh, tuy vậy thuyết vũ trụ địa t&acirc;m d&agrave;nh đặc quyền cho Tr&aacute;i đất v&agrave; sự sống tr&ecirc;n Tr&aacute;i đất,&nbsp;<em>&quot;dường như&quot;</em>&nbsp;c&oacute; phần diễn tả rằng sự sống ngo&agrave;i Tr&aacute;i đất l&agrave; c&oacute; thể tồn tại.</p>\r\n\r\n<p style=\"text-align:justify\">Tuy vậy, chỉ khi việc ph&aacute;t minh ra k&iacute;nh viễn vọng, Tr&aacute;i đất mới thực sự được biết tới l&agrave; một h&agrave;nh tinh đơn thuần trong v&ocirc; số thi&ecirc;n thể vũ trụ, sự sống ngo&agrave;i Tr&aacute;i đất dần hướng tới c&aacute;i nh&igrave;n khoa học. Niềm tin v&agrave;o sự tồn tại người ngo&agrave;i h&agrave;nh tinh tiếp tục k&eacute;o d&agrave;i tới thế kỷ 20. Quả thật vậy, khoảng ba thế kỷ sau cuộc c&aacute;ch mạng khoa học kỹ thuật, đầu thời kỳ con người hiện đại t&igrave;m hiểu bản chất Hệ Mặt trời, nhiều nh&agrave; thi&ecirc;n văn học v&agrave; c&aacute;c t&aacute;c giả l&yacute; luận kh&aacute;c, &iacute;t nhất l&agrave; một số người theo t&ocirc;n gi&aacute;o, cũng như đa số c&ocirc;ng ch&uacute;ng đều tin rằng sự tồn tại của sinh vật ngo&agrave;i Tr&aacute;i đất l&agrave; ho&agrave;n to&agrave;n c&oacute; thật.</p>\r\n\r\n<p style=\"text-align:justify\"><img alt=\"Niềm tin vào sự tồn tại của người ngoài hành tinh có lẽ đã có từ rất lâu.\" src=\"http://img.khoahoc.tv/photos/image/2018/03/17/nguoi-ngoai-hanh-tinh.jpg\" style=\"height:422px; width:750px\" /><br />\r\nNiềm tin v&agrave;o sự tồn tại của người ngo&agrave;i h&agrave;nh tinh c&oacute; lẽ đ&atilde; c&oacute; từ rất l&acirc;u.</p>\r\n\r\n<p style=\"text-align:justify\">Xu thế n&agrave;y cuối c&ugrave;ng cũng bị chững lại sau c&aacute;c cuộc thăm d&ograve; kh&ocirc;ng gian: Mặt trăng r&otilde; r&agrave;ng bị loại ra khỏi danh s&aacute;ch, trong khi sao Kim v&agrave; sao Hỏa - hai ứng cử vi&ecirc;n s&aacute;ng gi&aacute; cho sự sống ngo&agrave;i Tr&aacute;i đất hiện tại - cho thấy kh&ocirc;ng c&oacute; bằng chứng r&otilde; r&agrave;ng. C&aacute;c Mặt trăng trong của Hệ Mặt trời đ&atilde; được viếng thăm, cũng kh&ocirc;ng c&oacute; dấu hiệu sự sống mặc d&ugrave; đ&atilde; quan s&aacute;t thấy c&aacute;c hoạt động địa chất th&uacute; vị (n&uacute;i lửa tr&ecirc;n Mặt trăng, bầu kh&iacute; quyển d&agrave;y của Mặt trăng Titan, biển tr&ecirc;n Mặt trăng Europa) đ&atilde; giảm hi vọng t&igrave;m thấy một tiềm năng cho sự sống ngo&agrave;i Tr&aacute;i đất. Cuối c&ugrave;ng, sự thất bại của chương tr&igrave;nh SETI trong việc d&ograve; t&igrave;m t&iacute;n hiệu radio của nền văn minh c&oacute; tr&iacute; tuệ kh&aacute;c, sau bốn thập kỷ nỗ lực đ&atilde; đẩy niềm lạc quan từ đầu kỷ nguy&ecirc;n vũ trụ xuống vực thẳm v&agrave; l&agrave; cơ hội cho mọi người chỉ tr&iacute;ch: t&igrave;m kiếm sinh vật ngo&agrave;i Tr&aacute;i đất l&agrave; h&agrave;nh động phản khoa học.</p>\r\n\r\n<p style=\"text-align:justify\">T&oacute;m lại, viễn cảnh về những nền văn minh c&oacute; tr&iacute; tuệ du h&agrave;nh khắp nơi trong kh&ocirc;ng gian vũ trụ trong Hệ Mặt Trời đối với c&aacute;c nh&agrave; khoa học thật mơ hồ. Nhưng trong khi đ&oacute;, dữ liệu truyền về từ c&aacute;c cuộc thăm d&ograve; kh&ocirc;ng gian v&agrave; c&aacute;c tiến bộ trong phương ph&aacute;p t&igrave;m kiếm được khoa học chấp nhận cũng vẽ ra một viễn cảnh về ti&ecirc;u chuẩn mới về tiềm năng c&oacute; thể c&oacute; sự sống tr&ecirc;n c&aacute;c h&agrave;nh tinh kh&aacute;c, &iacute;t nhất th&igrave; cũng c&ograve;n rất rất nhiều h&agrave;nh tinh kh&aacute;c, mặc d&ugrave; sinh vật ngo&agrave;i Tr&aacute;i đất c&oacute; tồn tại hay kh&ocirc;ng vẫn l&agrave; c&acirc;u hỏi h&oacute;c b&uacute;a.</p>\r\n\r\n<p style=\"text-align:justify\">Hiện nay, nhiều người đam m&ecirc; lĩnh vực t&igrave;m kiếm người ngo&agrave;i h&agrave;nh tinh vẫn tin rằng sinh vật ngo&agrave;i Tr&aacute;i đất đ&atilde; v&agrave; vẫn thường viếng thăm Tr&aacute;i đất. Một số người nghĩ rằng vật thể bay kh&ocirc;ng x&aacute;c định (UFO) (unidified flying object) quan s&aacute;t thấy tr&ecirc;n bầu trời thực tế l&agrave; h&igrave;nh ảnh của phi thuyền của sinh vật ngo&agrave;i Tr&aacute;i đất v&agrave; thậm ch&iacute; c&ograve;n tuy&ecirc;n bố l&agrave; đ&atilde; từng gặp người ngo&agrave;i Tr&aacute;i đất.</p>', 'mzVI_a13.jpg', 1, 0, 46, '2018-04-21 01:01:35', '2018-04-21 01:01:35'),
(1027, 'Tìm thấy “xác ướp người ngoài hành tinh” ở Peru', 'tim-thay-xac-uop-nguoi-ngoai-hanh-tinh-o-peru', '<p><strong>X&aacute;c ướp phủ bột trắng c&oacute; hộp sọ d&agrave;i, ch&acirc;n tay chỉ c&oacute; ba ng&oacute;n ở Peru l&agrave;m dấy l&ecirc;n suy đo&aacute;n đ&acirc;y l&agrave; thi thể người ngo&agrave;i h&agrave;nh tinh.</strong></p>', '<p style=\"text-align:justify\">Video được cho l&agrave; quay tại<strong>&nbsp;th&agrave;nh phố cổ Nazca</strong>, Peru. Mặc d&ugrave; nhiều người d&ugrave;ng mạng cho rằng<em>&nbsp;&ldquo;x&aacute;c ướp&rdquo;</em>&nbsp;chỉ l&agrave; một t&aacute;c phẩm đi&ecirc;u khắc, video vẫn lan truyền ch&oacute;ng mặt.</p>\r\n\r\n<p style=\"text-align:justify\">Video được trang web Gaia.com đăng l&ecirc;n, người d&ugrave;ng muốn xem phải trả tiền.</p>\r\n\r\n<p style=\"text-align:justify\"><img alt=\"Mặc dù nhiều người dùng mạng cho rằng “xác ướp” chỉ là một tác phẩm điêu khắc, video vẫn lan truyền chóng mặt.\" src=\"http://img.khoahoc.tv/photos/image/2017/06/24/xac-uop-nguoi-ngoai-hanh-tinh.jpg\" style=\"height:421px; width:750px\" /><br />\r\nMặc d&ugrave; nhiều người d&ugrave;ng mạng cho rằng<em>&nbsp;&ldquo;x&aacute;c ướp&rdquo;</em>&nbsp;chỉ l&agrave; một t&aacute;c phẩm đi&ecirc;u khắc, video vẫn lan truyền ch&oacute;ng mặt.</p>\r\n\r\n<p style=\"text-align:justify\">Đoạn video cho thấy một sinh vật c&oacute; ba ng&oacute;n tay ngồi tư thế cuộn tr&ograve;n. Ngo&agrave;i ra, n&oacute; c&ograve;n c&oacute; ch&acirc;n d&agrave;i v&agrave; cao khoảng hơn 1,5m.</p>\r\n\r\n<p style=\"text-align:justify\">Trang Gaia.com khẳng định đ&acirc;y l&agrave;&nbsp;<strong>x&aacute;c của qu&aacute;i vật ngo&agrave;i h&agrave;nh tinh</strong>, được đ&agrave;o l&ecirc;n trong một cuộc khai quật hang mộ b&iacute; ẩn.</p>\r\n\r\n<p style=\"text-align:justify\"><img alt=\"Đoạn video cho thấy một sinh vật có ba ngón tay ngồi tư thế cuộn tròn.\" src=\"http://img.khoahoc.tv/photos/image/2017/06/24/xac-uop-nguoi-ngoai-hanh-tinh-1.jpg\" style=\"height:427px; width:750px\" /><br />\r\nĐoạn video cho thấy một sinh vật c&oacute; ba ng&oacute;n tay ngồi tư thế cuộn tr&ograve;n. Ngo&agrave;i ra, n&oacute; c&ograve;n c&oacute; ch&acirc;n d&agrave;i v&agrave; cao khoảng hơn 1,5m.</p>\r\n\r\n<p style=\"text-align:justify\">Nhưng nhiều người d&ugrave;ng mạng x&atilde; hội kh&ocirc;ng tin v&agrave;o tuy&ecirc;n bố n&agrave;y. Một người b&igrave;nh luận: &ldquo;C&aacute;i x&aacute;c tr&ocirc;ng giống l&agrave;m từ thạch cao&rdquo;.</p>\r\n\r\n<p style=\"text-align:justify\">Một số người lại kh&aacute; th&iacute;ch đoạn video:<em>&nbsp;&ldquo;Nh&igrave;n hay đ&oacute;. Chờ đợi lấy mẫu x&eacute;t nghiệm ADN. T&ocirc;i muốn tin điều n&agrave;y nhưng n&oacute; kh&ocirc;ng khả thi lắm. Video rất hay!&rdquo;</em></p>\r\n\r\n<p style=\"text-align:justify\"><em><iframe frameborder=\"0\" height=\"360\" src=\"https://www.youtube.com/embed/Cn4o6uHlHwg\" width=\"640\"></iframe></em></p>', '8jrj_a14.jpg', 0, 0, 46, '2018-04-21 01:02:32', '2018-04-21 01:02:32'),
(1028, 'NASA phóng vệ tinh săn tìm hành tinh TESS', 'nasa-phong-ve-tinh-san-tim-hanh-tinh-tess', '<p><strong>Cơ quan H&agrave;ng kh&ocirc;ng Vũ trụ Mỹ (NASA) ng&agrave;y 18/4 đ&atilde; ph&oacute;ng vệ tinh TESS nhằm t&igrave;m kiếm sự sống ngo&agrave;i h&agrave;nh tinh.</strong></p>', '<p style=\"text-align:justify\">Vụ ph&oacute;ng được thực hiện bằng t&ecirc;n lửa đẩy SpaceX Falcon 9 từ mũi Canaveral, bang Florida v&agrave;o l&uacute;c 1<strong>8 giờ 51 theo giờ địa phương (5 giờ 51 ng&agrave;y 19/4 theo giờ H&agrave; Nội).</strong></p>\r\n\r\n<p style=\"text-align:justify\"><img alt=\"Hệ thống phóng tên lửa đẩy của NASA ở Trung tâm Vũ trụ Kennedy, Florida.\" src=\"http://img.khoahoc.tv/photos/image/2018/04/19/phong-ten-lua.jpg\" style=\"height:422px; width:750px\" /><br />\r\nHệ thống ph&oacute;ng t&ecirc;n lửa đẩy của NASA ở Trung t&acirc;m Vũ trụ Kennedy, Florida. (Ảnh: NASA).</p>\r\n\r\n<p style=\"text-align:justify\">NASA cho biết tầng đầu ti&ecirc;n của t&ecirc;n lửa đẩy đ&atilde; t&aacute;ch ra v&agrave; quay trở lại Tr&aacute;i Đất theo chế độ tự dẫn để hạ c&aacute;nh xuống một bệ nổi tr&ecirc;n Đại T&acirc;y Dương. Tầng đầu ti&ecirc;n n&agrave;y của SpaceX Falcon 9 sẽ được sử dụng lại trong c&aacute;c lần ph&oacute;ng tiếp theo.</p>\r\n\r\n<p style=\"text-align:justify\">TESS, c&oacute; k&iacute;ch thước tương đương một chiếc m&aacute;y giặt v&agrave; trị gi&aacute; 337 triệu USD, được chế tạo để t&igrave;m kiếm v&agrave; khảo s&aacute;t c&aacute;c ng&ocirc;i sao s&aacute;ng nhất ngo&agrave;i Hệ Mặt Trời nhằm ph&aacute;t hiện sự sống. NASA hi vọng TESS sẽ kh&aacute;m ph&aacute; 20.000 h&agrave;nh tinh nằm ngo&agrave;i Hệ Mặt Trời, bao gồm hơn 50 h&agrave;nh tinh cỡ Tr&aacute;i Đất v&agrave; khoảng 500 h&agrave;nh tinh nhỏ hơn Tr&aacute;i Đất hai lần.</p>\r\n\r\n<p style=\"text-align:justify\">C&aacute;c ph&aacute;t hiện của TESS sẽ tiếp tục được nghi&ecirc;n cứu bằng c&aacute;c k&iacute;nh viễn vọng được đặt tr&ecirc;n Tr&aacute;i Đất v&agrave; trong kh&ocirc;ng gian nhằm t&igrave;m kiếm những dấu hiệu về điều kiện m&agrave; sự sống c&oacute; thể tồn tại, bao gồm địa h&igrave;nh, k&iacute;ch cỡ tương đương với Tr&aacute;i Đất v&agrave; khoảng c&aacute;ch đến mặt trời của ch&uacute;ng.</p>\r\n\r\n<p style=\"text-align:justify\">Trước đ&oacute;, NASA th&ocirc;ng b&aacute;o vụ ph&oacute;ng TESS được thực hiện v&agrave;o l&uacute;c 18 giờ 32 ng&agrave;y 16/4 nhưng sau đ&oacute; phải ho&atilde;n lại do trục trặc ở hệ thống dẫn đường t&ecirc;n lửa đẩy.</p>', 'yTqV_a16.jpg', 0, 0, 47, '2018-04-21 01:11:36', '2018-04-21 01:11:36'),
(1029, 'Tiểu hành tinh sượt qua cách Trái Đất 192.000km', 'tieu-hanh-tinh-suot-qua-cach-trai-dat-192-000km', '<p><strong>Tiểu h&agrave;nh tinh 2018 GE3 tiếp cận Tr&aacute;i Đất chỉ chưa đến một ng&agrave;y sau khi được ph&aacute;t hiện.</strong></p>', '<p style=\"text-align:justify\"><strong>Tiểu h&agrave;nh tinh 2018 GE3</strong>&nbsp;lao qua với khoảng c&aacute;ch tương đương một nửa khoảng c&aacute;ch trung b&igrave;nh giữa Tr&aacute;i Đất v&agrave; Mặt Trăng h&ocirc;m 15/4, theo Trung t&acirc;m Nghi&ecirc;n cứu Vật thể gần Tr&aacute;i Đất (CNEOS) thuộc NASA. NASA ước t&iacute;nh tiểu h&agrave;nh tinh n&agrave;y c&oacute; đường k&iacute;nh 48-110m, Space đưa tin.</p>\r\n\r\n<p style=\"text-align:justify\"><img alt=\"Các nhà khoa học đã không phát hiện ra thiên thạch này trước khi nó tiến vào khí quyển.\" src=\"http://img.khoahoc.tv/photos/image/2018/04/17/2018-GE3.jpg\" style=\"height:493px; width:750px\" /><br />\r\nC&aacute;c nh&agrave; khoa học đ&atilde; kh&ocirc;ng ph&aacute;t hiện ra thi&ecirc;n thạch n&agrave;y trước khi n&oacute; tiến v&agrave;o kh&iacute; quyển.</p>\r\n\r\n<p style=\"text-align:justify\">2018 GE3 c&oacute; k&iacute;ch thước gấp 6 lần thi&ecirc;n thạch lao qua bầu trời Chelyabinsk, Nga, khiến hơn 1.200 người bị thương v&agrave; h&agrave;ng ngh&igrave;n ng&ocirc;i nh&agrave; hư hại v&agrave;o th&aacute;ng 2/2013. C&aacute;c nh&agrave; khoa học đ&atilde; kh&ocirc;ng ph&aacute;t hiện ra thi&ecirc;n thạch n&agrave;y trước khi n&oacute; tiến v&agrave;o kh&iacute; quyển.</p>\r\n\r\n<p style=\"text-align:justify\">Nếu đ&acirc;m xuống Tr&aacute;i Đất, 2018 GE3 sẽ g&acirc;y thiệt hại trong khu vực chứ kh&ocirc;ng phải to&agrave;n cầu, v&agrave; c&oacute; thể sẽ ch&aacute;y rụi trong kh&iacute; quyển m&agrave; kh&ocirc;ng chạm xuống mặt đất, theo Space Weather. Tuy nhi&ecirc;n, 2018 GE3 cho thấy những thi&ecirc;n thạch lớn vẫn c&oacute; thể bất ngờ tiếp cận Tr&aacute;i Đất.</p>\r\n\r\n<p style=\"text-align:justify\">C&aacute;c nh&agrave; thi&ecirc;n văn thuộc chương tr&igrave;nh Catalina Sky Survey do NASA t&agrave;i trợ ph&aacute;t hiện tiểu h&agrave;nh tinh n&agrave;y lần đầu h&ocirc;m 14/4. Chỉ 21 tiếng sau, n&oacute; bay s&aacute;t qua Tr&aacute;i Đất.</p>', 'fnpy_a15.jpg', 0, 0, 47, '2018-04-21 01:12:29', '2018-04-21 01:12:29'),
(1030, 'Tại sao ngôi sao lại lấp lánh?', 'tai-sao-ngoi-sao-lai-lap-lanh-', '<p><strong>Nguy&ecirc;n nh&acirc;n g&igrave; khiến c&aacute;c ng&ocirc;i sao lấp l&aacute;nh? C&oacute; phải &aacute;nh s&aacute;ng từ c&aacute;c h&agrave;nh tinh &quot;lấp l&aacute;nh&quot; như &aacute;nh s&aacute;ng từ c&aacute;c ng&ocirc;i sao?</strong></p>', '<p style=\"text-align:justify\">&nbsp;</p>\r\n\r\n<p style=\"text-align:justify\"><img alt=\"Ngôi sao lấp lánh là do sự hỗn loạn trong khí quyển của Trái đất.\" src=\"http://img.khoahoc.tv/photos/image/2018/04/13/ngoi-sao.jpg\" style=\"height:382px; width:680px\" /><br />\r\nNg&ocirc;i sao lấp l&aacute;nh l&agrave; do sự hỗn loạn trong kh&iacute; quyển của Tr&aacute;i đất.</p>\r\n\r\n<p style=\"text-align:justify\">Theo giải th&iacute;ch của Tiến sĩ Dave Kornreich, Khoa Vật l&yacute; thi&ecirc;n văn Đại học Humboldt State University (Mỹ), sao lấp l&aacute;nh l&agrave;&nbsp;<strong>do sự hỗn loạn trong kh&iacute; quyển của Tr&aacute;i đất</strong>. Khi bầu kh&ocirc;ng kh&iacute; đang nổi l&ecirc;n,&nbsp;<strong>&aacute;nh s&aacute;ng từ ng&ocirc;i sao bị kh&uacute;c xạ theo c&aacute;c hướng kh&aacute;c nhau</strong>. Điều n&agrave;y l&agrave;m cho h&igrave;nh ảnh của ng&ocirc;i sao thay đổi một ch&uacute;t về độ s&aacute;ng v&agrave; vị tr&iacute;, do đ&oacute; n&oacute;&nbsp;<em>&quot;lấp l&aacute;nh&quot;.</em></p>\r\n\r\n<p style=\"text-align:justify\">Đ&acirc;y l&agrave; một trong những l&yacute; do k&iacute;nh thi&ecirc;n văn Hubble rất th&agrave;nh c&ocirc;ng: trong kh&ocirc;ng gian, kh&ocirc;ng c&oacute; kh&ocirc;ng kh&iacute; để l&agrave;m cho những ng&ocirc;i sao lấp l&aacute;nh, cho ph&eacute;p chụp được h&igrave;nh ảnh tốt hơn nhiều.</p>\r\n\r\n<p style=\"text-align:justify\">C&aacute;c h&agrave;nh tinh kh&ocirc;ng lấp l&aacute;nh như c&aacute;c ng&ocirc;i sao. Trong thực tế, đ&acirc;y l&agrave; một c&aacute;ch tốt để ph&aacute;t hiện liệu một đối tượng cụ thể m&agrave; bạn nh&igrave;n thấy tr&ecirc;n bầu trời l&agrave; một h&agrave;nh tinh hay một ng&ocirc;i sao.</p>\r\n\r\n<p style=\"text-align:justify\">L&yacute; do l&agrave;&nbsp;<strong>c&aacute;c ng&ocirc;i sao rất xa đến nỗi cơ bản ch&uacute;ng l&agrave; những điểm của &aacute;nh s&aacute;ng tr&ecirc;n bầu trời</strong>, trong khi c&aacute;c h&agrave;nh tinh thực sự c&oacute; k&iacute;ch thước hữu hạn. K&iacute;ch thước của một h&agrave;nh tinh tr&ecirc;n bầu trời theo nghĩa<em>&nbsp;&quot;trung b&igrave;nh&quot;</em>&nbsp;c&aacute;c hiệu ứng hỗn loạn của kh&iacute; quyển tạo ra một h&igrave;nh ảnh tương đối ổn định cho mắt. Kh&ocirc;ng bao giờ bạn thấy một h&agrave;nh tinh<em>&nbsp;&quot;lấp l&aacute;nh&quot;</em>&nbsp;l&agrave; l&yacute; do như vậy.</p>', 'bQag_a17.jpg', 1, 0, 47, '2018-04-21 01:13:30', '2018-04-21 01:13:30'),
(1031, 'Ung thư là gì? Ung thư hình thành như thế nào?', 'ung-thu-la-gi-ung-thu-hinh-thanh-nhu-the-nao-', '<p><strong>Ung thư l&agrave; căn bệnh m&agrave; ai cũng c&oacute; thể mắc phải, kh&ocirc;ng ri&ecirc;ng một số người nhất định. Thực chất, ung thư bị g&acirc;y ra do những tế b&agrave;o vốn dĩ b&igrave;nh thường trong cơ thể - v&igrave; một nguy&ecirc;n nh&acirc;n n&agrave;o đ&oacute; - bị đột biến v&agrave; trở n&ecirc;n ung thư h&oacute;a.</strong></p>', '<h2 style=\"text-align:justify\">Ung thư l&agrave; g&igrave;?</h2>\r\n\r\n<p style=\"text-align:justify\">Ung thư l&agrave; một bệnh của c&aacute;c tế b&agrave;o, vốn l&agrave; những đơn vị cấu tr&uacute;c cơ bản của cơ thể. Cơ thể ch&uacute;ng ta li&ecirc;n tục sản xuất ra c&aacute;c tế b&agrave;o để gi&uacute;p ch&uacute;ng ta ph&aacute;t triển, để thay thế những tế b&agrave;o đ&atilde; chết, hoặc h&agrave;n gắn lại những tế b&agrave;o bị tổn thương sau một chấn thương. C&aacute;c gene n&agrave;o đ&oacute; kiểm so&aacute;t qu&aacute; tr&igrave;nh n&agrave;y v&agrave; ch&iacute;nh việc g&acirc;y tổn hại những gene n&agrave;y dẫn đến c&aacute;c bệnh ung thư. Sự tổn hại n&agrave;y thường xảy ra trong cuộc đời con người, mặc d&ugrave; c&oacute; một số nhỏ lại thừa hưởng những gene n&agrave;y từ cha mẹ họ. B&igrave;nh thường th&igrave; c&aacute;c tế b&agrave;o ph&aacute;t triển v&agrave; nh&acirc;n l&ecirc;n theo một tr&igrave;nh tự. Tuy nhi&ecirc;n, những gene đ&atilde; bị tổn hại c&oacute; thể ph&aacute;t triển kh&ocirc;ng b&igrave;nh thường. Ch&uacute;ng c&oacute; thể ph&aacute;t triển th&agrave;nh những khối gọi l&agrave; u/bướu.</p>\r\n\r\n<p style=\"text-align:justify\">Những khối u c&oacute; thể l&agrave;nh t&iacute;nh (kh&ocirc;ng phải ung thư) hoặc &aacute;c t&iacute;nh (ung thư). Những khối u l&agrave;nh t&iacute;nh kh&ocirc;ng x&acirc;m lấn v&agrave;o c&aacute;c cơ quan v&agrave; c&aacute;c m&ocirc; xung quanh của cơ thể.</p>\r\n\r\n<p style=\"text-align:justify\">Trong khi u &aacute;c t&iacute;nh sẽ ph&aacute;t triển, n&oacute; c&oacute; thể giới hạn trong khu vực ban đầu. Nếu những tế b&agrave;o n&agrave;y kh&ocirc;ng được xử l&yacute; hay điều trị, ch&uacute;ng c&oacute; thể x&acirc;m lấn ra ngo&agrave;i phạm vi ban đầu v&agrave; x&acirc;m lấn v&agrave;o những m&ocirc; xung quanh, trở th&agrave;nh ung thư x&acirc;m lấn.</p>\r\n\r\n<h2 style=\"text-align:justify\">Ung thư h&igrave;nh th&agrave;nh như thế n&agrave;o?</h2>\r\n\r\n<p style=\"text-align:justify\">Ung thư xuất ph&aacute;t từ một tế b&agrave;o đơn lẻ, đơn vị cơ bản của sự sống. Sự chuyển dạng từ một tế b&agrave;o b&igrave;nh thường th&agrave;nh một tế b&agrave;o ung thư l&agrave; một qu&aacute; tr&igrave;nh nhiều giai đoạn, từ một tổn thương tiền ung thư đến khối u &aacute;c t&iacute;nh. Những thay đổi n&agrave;y l&agrave; kết quả của sự tương t&aacute;c giữa c&aacute;c yếu tố di truyền của một người v&agrave; ba loại t&aacute;c nh&acirc;n b&ecirc;n ngo&agrave;i, bao gồm:</p>\r\n\r\n<ul>\r\n	<li style=\"text-align: justify;\">C&aacute;c t&aacute;c nh&acirc;n sinh ung vật l&yacute;, như tia cực t&iacute;m v&agrave; bức xạ ion h&oacute;a.</li>\r\n	<li style=\"text-align: justify;\">C&aacute;c t&aacute;c nh&acirc;n sinh ung h&oacute;a học, như a-mi-ăng (asbestos), c&aacute;c th&agrave;nh phần của kh&oacute;i thuốc l&aacute;, aflatoxin (một chất nhiễm bẩn thức ăn), v&agrave; arsenic (một chất nhiễm bẩn nước uống).</li>\r\n	<li style=\"text-align: justify;\">C&aacute;c t&aacute;c nh&acirc;n sinh ung sinh học, như nhiễm tr&ugrave;ng một số virus, vi khuẩn hay k&yacute; sinh tr&ugrave;ng.</li>\r\n</ul>\r\n\r\n<p style=\"text-align:justify\"><img alt=\"Ung thư là gì?\" src=\"http://img.khoahoc.tv/photos/image/2015/03/02/ung_thu2.jpg\" style=\"height:359px; width:325px\" title=\"hút thuốc lá\" /><br />\r\nKh&oacute;i thuốc l&aacute; &ndash; Nguy&ecirc;n nh&acirc;n ung thư h&agrave;ng đầu</p>\r\n\r\n<p style=\"text-align:justify\">Trong qu&aacute; tr&igrave;nh sinh trưởng v&agrave; ph&aacute;t triển, ngoại trừ tế b&agrave;o n&atilde;o v&agrave; thần kinh l&agrave; bất biến (kh&ocirc;ng được sinh sản th&ecirc;m ra m&agrave; chỉ mất đi), c&ograve;n lại c&aacute;c tế b&agrave;o kh&aacute;c sẽ được thay thế bằng những tế b&agrave;o mới nhờ qu&aacute; tr&igrave;nh gọi l&agrave;&nbsp;<strong>&quot;Sự ph&acirc;n b&agrave;o&quot;.</strong></p>\r\n\r\n<p style=\"text-align:justify\">Sự ph&acirc;n b&agrave;o l&agrave; một chu tr&igrave;nh tuần ho&agrave;n bao gồm c&aacute;c sự kiện xảy ra trong một tế b&agrave;o t&iacute;nh từ lần ph&acirc;n b&agrave;o n&agrave;y cho đến lần ph&acirc;n b&agrave;o tiếp theo. Trong qu&aacute; tr&igrave;nh n&agrave;y, bộ m&aacute;y di truyền v&agrave; c&aacute;c th&agrave;nh phần của tế b&agrave;o được nh&acirc;n đ&ocirc;i để chia th&agrave;nh hai tế b&agrave;o con. Ở người (sinh vật đa b&agrave;o) th&igrave; ph&acirc;n chia tế b&agrave;o l&agrave; một qu&aacute; tr&igrave;nh cực kỳ quan trọng để một hợp tử (trứng v&agrave; tinh tr&ugrave;ng) ph&aacute;t triển th&agrave;nh một cơ thể sống ho&agrave;n chỉnh v&agrave; hơn thế nữa để gi&uacute;p cơ thể bổ sung những tế b&agrave;o mới thay cho những tế b&agrave;o bị chết đi (v&iacute; dụ: tế b&agrave;o da của bạn chết, bị bong tr&oacute;c th&igrave; c&oacute; lớp tế b&agrave;o mới thay thế). Theo ước t&iacute;nh mỗi ng&agrave;y c&oacute; khoảng 300 tỷ tế b&agrave;o mới được sinh ra.</p>\r\n\r\n<p style=\"text-align:justify\">Qu&aacute; tr&igrave;nh ph&acirc;n b&agrave;o ở mọi sinh vật đều c&oacute; chung một đặc điểm l&agrave; sao ch&eacute;p v&agrave; truyền đạt lại to&agrave;n bộ v&agrave; ch&iacute;nh x&aacute;c c&aacute;c th&ocirc;ng tin di truyền của ch&uacute;ng cho c&aacute;c tế b&agrave;o con. Do vậy ADN của tế b&agrave;o mẹ phải được nh&acirc;n đ&ocirc;i một c&aacute;ch ch&iacute;nh x&aacute;c tuyệt đối v&agrave; phải được chia đồng đều cho c&aacute;c tế b&agrave;o con sao cho mỗi tế b&agrave;o con đều nhận được ADN y hệt tế b&agrave;o mẹ.</p>\r\n\r\n<p style=\"text-align:justify\"><img alt=\"Ung thư xuất hiện do ADN bị tổn thương.\" src=\"http://img.khoahoc.tv/photos/image/2018/02/27/adn-ton-thuong.jpg\" style=\"height:389px; width:605px\" /><br />\r\nUng thư xuất hiện do ADN bị tổn thương.</p>\r\n\r\n<p style=\"text-align:justify\">Trong qu&aacute; tr&igrave;nh sinh sống của người, c&aacute;c ADN c&oacute; thể bị ảnh hưởng v&agrave; hư hại bởi c&aacute;c yếu tố t&aacute;c động từ b&ecirc;n ngo&agrave;i m&ocirc;i trường như tia cực t&iacute;m (UV) từ mặt trời, kh&oacute;i thuốc l&aacute;, c&aacute;c h&oacute;a chất độc hại, ph&oacute;ng xạ, v&agrave; c&aacute;c ph&acirc;n tử kh&ocirc;ng ổn định do cơ thể sinh ra trong qu&aacute; tr&igrave;nh đồng h&oacute;a, thường được gọi l&agrave; gốc tự do. C&aacute;c t&aacute;c nh&acirc;n c&oacute; thể ngăn chặn c&aacute;c hoạt động sống c&ograve;n của tế b&agrave;o như phi&ecirc;n m&atilde; gene, đ&oacute; l&agrave; bước đầu ti&ecirc;n trong sản xuất protein. Hậu quả của những t&aacute;c động n&agrave;y l&agrave; c&oacute; thể tạo ra những tế b&agrave;o c&oacute; ADN &quot;bất thường&quot;.</p>\r\n\r\n<p style=\"text-align:justify\">C&aacute;c t&aacute;c nh&acirc;n từ ngo&agrave;i m&ocirc;i trường t&aacute;c động li&ecirc;n tục h&agrave;ng ng&agrave;y, g&acirc;y ra những tế b&agrave;o c&oacute; ADN &quot;bất thường&quot;. Nhưng cơ thể con người l&agrave; một bộ m&aacute;y diệu kỳ! Cơ thể phản ứng với t&igrave;nh trạng n&agrave;y theo hai c&aacute;ch:</p>\r\n\r\n<ol>\r\n	<li style=\"text-align: justify;\">C&aacute;c tế b&agrave;o c&oacute; một số cơ chế để sửa chữa những ADN bị hư hỏng trước khi ch&uacute;ng c&oacute; thể g&acirc;y ra một vấn đề n&agrave;o đ&oacute; cho cơ thể. Cơ chế sửa chữa n&agrave;y li&ecirc;n quan đến một loại protein c&oacute; t&ecirc;n l&agrave; Cockayne A (CSA). CSA c&oacute; chức năng sửa chữa những ADN bị hư hỏng. CSA được tạo ra dưới sự hướng dẫn của gene ERCC8;</li>\r\n	<li style=\"text-align: justify;\">Hệ thống miễn dịch của cơ thể c&oacute; thể nhận ra được những tế b&agrave;o &quot;bất thường&quot; v&agrave; ti&ecirc;u diệt ch&uacute;ng. Hai c&oacute; chế n&agrave;y giải th&iacute;ch cho một thực tế rằng hầu hết c&aacute;c tế b&agrave;o mang ADN &quot;bất thường&quot; (c&oacute; thể gọi l&agrave; c&aacute;c tế b&agrave;o &quot;tiền ung thư&quot; đều chết trước khi ch&uacute;ng c&oacute; thể g&acirc;y ra ung thư. Chỉ c&oacute; một số nhỏ trong số những tế b&agrave;o n&agrave;y &quot;lọt lưới&quot; được v&agrave; biến th&agrave;nh ung thư.</li>\r\n</ol>\r\n\r\n<p style=\"text-align:justify\">Việc sửa chữa c&aacute;c ADN bất thường của tế b&agrave;o diễn ra đều đặn. Trong trường hợp bản th&acirc;n gene sửa chữa bị hư hỏng (&ocirc;ng thợ l&agrave;nh nghề bị ốm) v&agrave; hệ miễn dịch bị suy giảm, trong khi những tế b&agrave;o mang ADN hư hỏng vẫn li&ecirc;n tục được sinh ra h&agrave;ng ng&agrave;y, h&agrave;ng giờ m&agrave; kh&ocirc;ng được sửa chữa hoặc ti&ecirc;u diệt kịp thời dẫn sẽ đến t&igrave;nh trạng c&aacute;c tế b&agrave;o cứ thế sao ch&eacute;p, nh&acirc;n đ&ocirc;i c&aacute;c ADN bị hư hỏng, tạo ra thế hệ tế b&agrave;o con mang những ADN bị hư hỏng v&agrave; thế l&agrave; dẫn đến hệ quả hoặc tế b&agrave;o<em>&nbsp;&quot;lỗi&quot;</em>&nbsp;n&agrave;y bị chết hoặc ch&uacute;ng sống v&agrave; sinh s&ocirc;i nảy nở v&agrave; ung thư xuất hiện.</p>\r\n\r\n<p style=\"text-align:justify\">C&aacute;c tế b&agrave;o ung thư sẽ lưu h&agrave;nh trong hệ bạch huyết v&agrave; m&aacute;u v&agrave; t&igrave;m đến bộ phận n&agrave;o yếu nhất trong cơ thể để&nbsp;<em>&quot;định cư&quot;</em>&nbsp;tại đ&oacute;. C&aacute;c tế b&agrave;o ung thư cứ thế sinh s&ocirc;i nảy nở tạo th&agrave;nh khối u ung thư. Đa số c&aacute;c khối u ung thư ph&aacute;t triển chậm, từ khi h&igrave;nh th&agrave;nh đến khi nhận biết được cũng mất khoảng 5-15 năm. Tất nhi&ecirc;n cũng c&oacute; nhiều trường hợp c&oacute; thời gian ngắn hơn nhiều.</p>\r\n\r\n<h2 style=\"text-align:justify\">Thống k&ecirc; về tỷ lệ mắc ung thư tr&ecirc;n thế giới v&agrave; Việt Nam</h2>\r\n\r\n<p style=\"text-align:justify\">Ung thư l&agrave; nguy&ecirc;n nh&acirc;n g&acirc;y tử vong h&agrave;ng đầu tr&ecirc;n thế giới. Bệnh ung thư ảnh hưởng đến mọi người bất kể quốc gia, chủng tộc hay t&ocirc;n gi&aacute;o. Bảng dưới đ&acirc;y sẽ cho bạn thấy số ca ung thư mới mắc h&agrave;ng năm, số người hiện đang sống với bệnh ung thư tr&ecirc;n thế giới v&agrave; tại Việt Nam.</p>\r\n\r\n<p style=\"text-align:justify\">THẾ GIỚI (Globocan 2008)</p>\r\n\r\n<p style=\"text-align:justify\"><img alt=\"Ung thư là gì\" src=\"http://img.khoahoc.tv/photos/image/2015/03/02/ung_thu.jpg\" style=\"height:605px; width:605px\" title=\"ug thư\" /></p>\r\n\r\n<p style=\"text-align:justify\">Tại Việt Nam:</p>\r\n\r\n<p style=\"text-align:justify\"><img alt=\"Ung thư là gì?\" src=\"http://img.khoahoc.tv/photos/image/2015/03/02/ung_thu1.jpg\" style=\"height:592px; width:592px\" title=\"ung thư\" /><br />\r\nNguồn: International Agency for Research on Cancer, WHO, http://globocan.iarc.fr/</p>\r\n\r\n<p style=\"text-align:justify\">Bệnh ung thư c&oacute; thể được giảm thiểu v&agrave; kiểm so&aacute;t qua việc &aacute;p dụng c&aacute;c chiến lược ph&ograve;ng ngừa, ph&aacute;t hiện v&agrave; điều trị sớm ung thư. Nhiều bệnh ung thư c&oacute; cơ hội chữa l&agrave;nh cao nếu được chẩn đo&aacute;n ung thư sớm v&agrave; điều trị đầy đủ</p>', 'sZrI_a18.jpg', 0, 0, 48, '2018-04-21 01:36:52', '2018-04-21 01:36:52'),
(1032, 'Người hay bia rượu, hút thuốc lá uống trà nóng tăng 5 lần nguy cơ ung thư thực quản', 'nguoi-hay-bia-ruou-hut-thuoc-la-uong-tra-nong-tang-5-lan-nguy-co-ung-thu-thuc-quan', '<p><strong>Trong những ng&agrave;y lạnh gi&aacute;, nhiều người c&oacute; th&oacute;i quen thưởng thức một t&aacute;ch tr&agrave; để l&agrave;m ấm người. Tuy nhi&ecirc;n, một nghi&ecirc;n cứu mới đ&acirc;y đ&atilde; chỉ ra rằng những người thường xuy&ecirc;n uống tr&agrave; n&oacute;ng v&agrave; h&uacute;t thuốc l&aacute; thường c&oacute; nguy cơ mắc bệnh ung thư thực quản cao hơn.</strong></p>', '<p style=\"text-align:justify\">Theo Gizmodo, c&aacute;c ph&aacute;t hiện c&ograve;n nhấn mạnh rằng rất kh&oacute; để t&igrave;m ra nguy&ecirc;n nh&acirc;n ch&iacute;nh x&aacute;c g&acirc;y ung thư ở nh&oacute;m người n&agrave;y. C&aacute;c nh&agrave; khoa học đ&atilde; xem x&eacute;t dữ liệu từ một nghi&ecirc;n cứu về bệnh m&atilde;n t&iacute;nh ở Trung Quốc t&ecirc;n l&agrave; China Kadoorie Biobank v&agrave; thu thập c&aacute;c chỉ số về thể chất cũng như bảng c&acirc;u hỏi li&ecirc;n quan đến sức khỏe của hơn nửa triệu người trưởng th&agrave;nh tr&ecirc;n khắp đất nước n&agrave;y từ năm 2004 đến năm 2008. Từ đ&acirc;y, việc theo d&otilde;i kết quả sức khỏe sẽ trở n&ecirc;n dễ d&agrave;ng hơn.</p>\r\n\r\n<p style=\"text-align:justify\">Ngay từ đầu nghi&ecirc;n cứu, c&aacute;c chuy&ecirc;n gia đ&atilde; tập trung v&agrave;o khoảng 400,000 người kh&ocirc;ng bị ung thư. Tuy nhi&ecirc;n, đến năm 2015, đ&atilde; c&oacute; 1.731 người trong nh&oacute;m n&agrave;y được chẩn đo&aacute;n mắc bệnh&nbsp;<a href=\"http://khoahoc.tv/dau-hieu-de-thay-cua-ung-thu-thuc-quan-70757\" rel=\"noopener noreferrer\" target=\"_blank\" title=\"Dấu hiệu dễ thấy của ung thư thực quản\">ung thư thực quản</a>. Họ ph&aacute;t hiện ra rằng những người hay&nbsp;<a href=\"http://khoahoc.tv/uong-tra-qua-nong-lam-tang-nguy-co-ung-thu-hong-23289\" rel=\"noopener noreferrer\" target=\"_blank\" title=\"Uống trà quá nóng làm tăng nguy cơ ung thư họng\">uống tr&agrave; n&oacute;ng</a>&nbsp;c&oacute; nhiều khả năng bị ung thư thực quản nhưng chỉ khi họ đồng thời uống rượu bia hay h&uacute;t thuốc thường xuy&ecirc;n.</p>\r\n\r\n<p style=\"text-align:justify\"><img alt=\"Uống trà nóng\" src=\"http://img.khoahoc.tv/photos/image/2018/02/08/uong-tra-nong.jpg\" style=\"height:444px; width:720px\" /><br />\r\nCả ba th&oacute;i quen uống tr&agrave; n&oacute;ng, rượu bia v&agrave; h&uacute;t thuốc đều được cho l&agrave; yếu tố nguy cơ đối với loại ung thư nguy hiểm n&agrave;y.</p>\r\n\r\n<p style=\"text-align:justify\">Theo đ&oacute;, những người uống tr&agrave; n&oacute;ng v&agrave; nhiều hơn 15ml rượu mỗi ng&agrave;y sẽ c&oacute; nguy cơ ph&aacute;t triển ung thư thực quản gấp năm lần so với những người uống tr&agrave; v&agrave; rượu &iacute;t hơn một lần mỗi tuần. Tương tự, những người hay h&uacute;t thuốc l&aacute; v&agrave; uống tr&agrave; n&oacute;ng c&oacute; nguy cơ mắc căn bệnh n&agrave;y cao gấp đ&ocirc;i. V&agrave; tất nhi&ecirc;n, nếu người n&agrave;o c&oacute; cả ba th&oacute;i quen tr&ecirc;n th&igrave; nguy cơ mắc bệnh cũng ở mức cao.</p>\r\n\r\n<p style=\"text-align:justify\">Catherine Carpenter - Gi&aacute;o sư về dinh dưỡng l&acirc;m s&agrave;ng cho biết:&nbsp;<em>&quot;Mặc d&ugrave; kết quả nghi&ecirc;n cứu l&agrave; như vậy nhưng cho đến nay, ch&uacute;ng t&ocirc;i vẫn chưa thực sự chắc chắn liệu tr&agrave; c&oacute; phải chất g&acirc;y ung thư hay kh&ocirc;ng. C&oacute; lẽ vấn đề nằm ở việc sử dụng đồ uống qu&aacute; n&oacute;ng bởi từ trước đến nay, uống tr&agrave; xanh thậm ch&iacute; c&ograve;n được cho l&agrave; gi&uacute;p giảm một số nguy cơ g&acirc;y ung thư&quot;.</em></p>\r\n\r\n<p style=\"text-align:justify\">Từ l&acirc;u, Trung Quốc đ&atilde; được biết đến l&agrave; một quốc gia c&oacute; tỷ lệ ung thư thực quản tương đối cao tr&ecirc;n thế giới. Điều n&agrave;y dẫn đến suy đo&aacute;n rằng th&oacute;i quen uống tr&agrave; n&oacute;ng của họ ch&iacute;nh l&agrave; một trong những nguy&ecirc;n nh&acirc;n dẫn đến ung thư. Mặc d&ugrave; vậy, nghi&ecirc;n cứu chỉ ra rằng ung thư l&agrave; một căn bệnh hết sức phức tạp v&agrave; ch&uacute;ng ta kh&ocirc;ng thể nh&igrave;n v&agrave;o th&oacute;i quen n&agrave;y của người Trung Quốc m&agrave; vội đi đến kết luận được.</p>\r\n\r\n<p style=\"text-align:justify\">B&ecirc;n cạnh đ&oacute;, b&agrave; Carpenter cho biết c&oacute; thể tất cả c&aacute;c loại bệnh ung thư đều xuất ph&aacute;t từ nhiều chứ kh&ocirc;ng phải một nguy&ecirc;n nh&acirc;n. Ch&iacute;nh v&igrave; vậy, c&oacute; nhiều người mắc c&ugrave;ng một bệnh ung thư nhưng lại v&igrave; những nguy&ecirc;n nh&acirc;n ho&agrave;n to&agrave;n kh&aacute;c nhau. Điều n&agrave;y khiến cho việc nghi&ecirc;n cứu trở n&ecirc;n kh&oacute; khăn hơn bao giờ hết. Nghi&ecirc;n cứu cho thấy h&uacute;t thuốc l&aacute;, uống rượu v&agrave; đồ uống n&oacute;ng dường như &quot;hỗ trợ&quot; lẫn nhau để l&agrave;m tăng nguy cơ mắc ung thư thực quản. Tuy nhi&ecirc;n, một số nghi&ecirc;n cứu tiến h&agrave;nh ở những nơi kh&aacute;c lại cho thấy nguy cơ ung thư thực quản gia tăng khi bệnh nh&acirc;n chỉ thường xuy&ecirc;n thưởng thức đồ uống n&oacute;ng. Dựa tr&ecirc;n những bằng chứng đ&oacute;, năm 2016, Cơ quan nghi&ecirc;n cứu Ung thư Thế giới trực thuộc Tổ chức Y tế Thế giới (WHO) đ&atilde; xếp c&aacute;c loại đồ uống n&oacute;ng v&agrave;o nh&oacute;m 2A v&agrave; coi đ&oacute; l&agrave; &quot;chất c&oacute; thể g&acirc;y ung thư&quot;, đồng thời khuyến c&aacute;o mọi người n&ecirc;n thận trọng.</p>\r\n\r\n<p style=\"text-align:justify\">Mối li&ecirc;n hệ giữa tr&agrave; n&oacute;ng v&agrave; ung thư ở đối tượng l&agrave; phụ nữ dường như rắc rối hơn, kể cả khi hai yếu tố uống rượu v&agrave; h&uacute;t thuốc được t&iacute;nh đến. Điều đ&oacute; đồng nghĩa với việc giới t&iacute;nh cũng đ&oacute;ng một vai tr&ograve; nhất định trong việc g&acirc;y ra ung thư thực quản. Thế nhưng, tr&ecirc;n thực tế, kh&ocirc;ng nhiều phụ nữ th&iacute;ch uống tr&agrave; cũng như thường xuy&ecirc;n h&uacute;t thuốc, uống rượu v&agrave; mắc ung thư thực quản n&ecirc;n c&oacute; lẽ số lượng để nghi&ecirc;n cứu c&ograve;n qu&aacute; nhỏ để đi tới bất cứ kết luận chắc chắn n&agrave;o. Trong khi c&oacute; khoảng 40% nam giới hay uống tr&agrave; n&oacute;ng th&igrave; con số n&agrave;y ở nữ giới chỉ l&agrave; 16%.</p>\r\n\r\n<p style=\"text-align:justify\"><img alt=\"Hút thuốc lá cũng góp phần làm tăng nguy cơ ung thư thực quản.\" src=\"http://img.khoahoc.tv/photos/image/2018/02/08/hut-thuoc-la.jpg\" style=\"height:451px; width:720px\" /><br />\r\nH&uacute;t thuốc l&aacute; cũng g&oacute;p phần l&agrave;m tăng nguy cơ ung thư thực quản.</p>\r\n\r\n<p style=\"text-align:justify\">B&ecirc;n cạnh đ&oacute;, cũng cần lưu &yacute; rằng d&ugrave; ung thư thực quản l&agrave; một căn bệnh nguy hiểm cướp đi sinh mạng của khoảng 400,000 người mỗi năm nhưng chỉ c&oacute; khoảng 0,5% nam giới v&agrave; nữ giới được chẩn đo&aacute;n bị ung thư thực quản m&agrave; th&ocirc;i. Trong khi đ&oacute;, ung thư v&uacute; &ndash; một căn bệnh cũng được cho l&agrave; c&oacute; nguy&ecirc;n nh&acirc;n xuất ph&aacute;t từ uống rượu v&agrave; h&uacute;t thuốc lại ảnh hưởng đến 12% phụ nữ tr&ecirc;n thế giới.</p>\r\n\r\n<p style=\"text-align:justify\">Dựa tr&ecirc;n kết quả nghi&ecirc;n cứu của m&igrave;nh, c&aacute;c nh&agrave; khoa học khuyến c&aacute;o những người hay h&uacute;t thuốc v&agrave; uống rượu n&ecirc;n thưởng thức tr&agrave; n&oacute;ng ở mức nhiệt thấp hơn. Nguy cơ ung thư sẽ kh&ocirc;ng c&ograve;n ở c&aacute;c loại đồ uống c&oacute; nhiệt độ thấp hơn 18,3 độ C &ndash; mức nhiệt m&agrave; nhiều người thưởng thức c&aacute;c loại tr&agrave; v&agrave; c&agrave; ph&ecirc;.</p>\r\n\r\n<p style=\"text-align:justify\">Cuối c&ugrave;ng, sau một ng&agrave;y l&agrave;m việc mệt mỏi, h&atilde;y để cơ thể nghỉ ngơi theo đ&uacute;ng nghĩa v&agrave; nếu c&oacute; thể, h&atilde;y tr&aacute;nh xa c&aacute;c chất k&iacute;ch th&iacute;ch như rượu bia v&agrave; thuốc l&aacute;. Kh&ocirc;ng ri&ecirc;ng thực quản m&agrave; to&agrave;n bộ cơ thể của bạn sẽ&nbsp;<em>&quot;hưởng lợi&quot;</em>&nbsp;rất nhiều từ điều n&agrave;y đấy!</p>', 'u510_a19.jpg', 1, 0, 48, '2018-04-21 01:37:45', '2018-04-21 10:58:37');
INSERT INTO `tintuc` (`id`, `TieuDe`, `TieuDeKhongDau`, `TomTat`, `NoiDung`, `Hinh`, `NoiBat`, `SoLuotXem`, `idLoaiTin`, `created_at`, `updated_at`) VALUES
(1033, 'Bộ Y tế yêu cầu khẩn trương phòng chống cúm', 'bo-y-te-yeu-cau-khan-truong-phong-chong-cum', '<p><strong>Hiện nay một số địa phương tr&ecirc;n cả nước gia tăng nhiều ca mắc bệnh c&uacute;m. Trước t&igrave;nh h&igrave;nh đ&oacute; Bộ Y tế vừa c&oacute; c&ocirc;ng văn khẩn gửi c&aacute;c tỉnh, th&agrave;nh phố trực thuộc Trung ương về việc tăng cường c&ocirc;ng t&aacute;c ph&ograve;ng chống bệnh c&uacute;m.</strong></p>', '<p style=\"text-align:justify\">Theo Bộ Y tế, trong những th&aacute;ng cuối năm 2017 v&agrave; đầu năm 2018, t&igrave;nh h&igrave;nh dịch c&uacute;m tr&ecirc;n thế giới c&oacute; nhiều diễn biến phức tạp. Tại Trung Quốc tiếp tục ghi nhận c&aacute;c trường hợp mắc&nbsp;<a href=\"http://khoahoc.tv/trieu-chung-va-cach-phong-chong-benh-cum-ah7n9-78434\" rel=\"noopener noreferrer\" target=\"_blank\" title=\"Triệu chứng và cách phòng chống bệnh cúm A/H7N9\">c&uacute;m A/H7N9</a>, b&ugrave;ng ph&aacute;t&nbsp;<a href=\"http://khoahoc.tv/australia-canh-bao-dan-de-phong-mua-dich-cum-nam-nay-52723\" rel=\"noopener noreferrer\" target=\"_blank\" title=\"Australia cảnh báo dân đề phòng mùa dịch cúm năm nay\">dịch c&uacute;m m&ugrave;a</a>&nbsp;tại Mỹ v&agrave;&nbsp;c&uacute;m A/H1N1&nbsp;tại Triều Ti&ecirc;n.</p>\r\n\r\n<p style=\"text-align:justify\">Hiện nay, t&igrave;nh h&igrave;nh bệnh c&uacute;m tại nhiều địa phương trong nước cũng đang c&oacute; xu hướng gia tăng, số trường hợp mắc bệnh c&uacute;m nhập viện đang gia tăng tại một số bệnh viện tuyến cuối.</p>\r\n\r\n<p style=\"text-align:justify\">B&ecirc;n cạnh đ&oacute;, thời tiết m&ugrave;a Đ&ocirc;ng l&agrave; điều kiện rất thuận lợi cho c&aacute;c bệnh l&acirc;y truyền qua đường h&ocirc; hấp, trong đ&oacute; c&oacute; bệnh c&uacute;m l&acirc;y lan v&agrave; b&ugrave;ng ph&aacute;t.</p>\r\n\r\n<p style=\"text-align:justify\"><img alt=\"Để phòng bệnh, người dân cần hạn chế đến chỗ đông người khi có dịch để phòng lây lan\" src=\"http://img.khoahoc.tv/photos/image/2018/02/06/benh-cum.jpg\" style=\"height:376px; width:600px\" /><br />\r\nĐể ph&ograve;ng bệnh, người d&acirc;n cần hạn chế đến chỗ đ&ocirc;ng người khi c&oacute; dịch để ph&ograve;ng l&acirc;y lan.</p>\r\n\r\n<p style=\"text-align:justify\">Trước diễn biến phức tạp của bệnh c&uacute;m ở nhiều nước tr&ecirc;n thế giới, cũng như trong nước, để chủ động ph&ograve;ng bệnh c&uacute;m, kh&ocirc;ng để lan rộng k&eacute;o d&agrave;i, qu&aacute; tải bệnh viện cũng như t&igrave;nh trạng l&acirc;y ch&eacute;o trong bệnh viện, Bộ Y tế đề nghị Sở Y tế c&aacute;c tỉnh, th&agrave;nh phố khẩn trương đẩy mạnh việc tuy&ecirc;n truyền c&aacute;c biện ph&aacute;p ph&ograve;ng bệnh c&uacute;m; ph&aacute;t hiện sớm, c&aacute;ch ly, điều trị tại nh&agrave;, đến cơ sở y tế khi c&oacute; diễn biến nặng.</p>\r\n\r\n<p style=\"text-align:justify\">Để ph&ograve;ng bệnh, người d&acirc;n cần hạn chế đến chỗ đ&ocirc;ng người khi c&oacute; dịch để ph&ograve;ng l&acirc;y lan, khi phải tiếp x&uacute;c với người bệnh cần đeo khẩu trang; Tăng cường vệ sinh c&aacute; nh&acirc;n, che miệng khi ho, n&acirc;ng cao thể trạng để ph&ograve;ng bệnh; chủ động ti&ecirc;m vắcxin ph&ograve;ng bệnh c&uacute;m với c&aacute;c chủng đ&atilde; c&oacute; vắcxin.</p>\r\n\r\n<p style=\"text-align:justify\">Bộ Y tế cũng y&ecirc;u cầu c&aacute;c cơ sở điều trị tổ chức tốt c&ocirc;ng t&aacute;c ph&acirc;n luồng kh&aacute;m bệnh; thu dung c&aacute;ch ly, cấp cứu, thiết lập khu vực ri&ecirc;ng để điều trị cho người bệnh c&uacute;m; thực hiện nghi&ecirc;m t&uacute;c việc kiểm so&aacute;t nhiễm khuẩn bệnh viện, kh&ocirc;ng để l&acirc;y ch&eacute;o trong bệnh viện.</p>\r\n\r\n<p style=\"text-align:justify\">C&aacute;c cơ sở điều trị ph&aacute;t hiện sớm v&agrave; điều trị t&iacute;ch cực c&aacute;c trường hợp diễn biến nặng, lấy mẫu v&agrave; x&eacute;t nghiệm để ph&aacute;t hiện kịp thời c&aacute;c t&aacute;c nh&acirc;n c&uacute;m độc lực cao; Kiểm so&aacute;t chặt v&agrave; chỉ định d&ugrave;ng thuốc kh&aacute;ng virus, tr&aacute;nh t&igrave;nh trạng khan hiếm ảo v&agrave; t&igrave;nh trạng kh&aacute;ng thuốc.</p>\r\n\r\n<p style=\"text-align:justify\">Ng&agrave;nh y tế c&aacute;c địa phương phối hợp sở Gi&aacute;o dục v&agrave; Đ&agrave;o tạo, Ban quản l&yacute; c&aacute;c khu c&ocirc;ng nghi&ecirc;p hỗ trợ c&aacute;c doanh nghiệp, c&aacute;c cơ sở gi&aacute;o dục v&agrave;o đ&agrave;o tạo ph&aacute;t hiện sớm người mắc c&uacute;m, trong trường hợp cần thiết c&oacute; thể cho người lao động, sinh vi&ecirc;n, học sinh nghie l&agrave;m, nghỉ học để c&aacute;ch ly điều trị tr&aacute;nh l&acirc;y lan&hellip;</p>\r\n\r\n<p style=\"text-align:justify\">Sở Y tế c&aacute;c tỉnh cần phối hợp cơ quan th&uacute; y v&agrave; c&aacute;c đơn vị li&ecirc;n quan gi&aacute;m s&aacute;t chặt chẽ c&aacute;c ổ dịch c&uacute;m tr&ecirc;n gia cầm, xử l&yacute; triệt để khi ph&aacute;t hiện ổ dịch, kh&ocirc;ng để l&acirc;y lan sang người v&agrave; kiểm so&aacute;t chặt chẽ việc bu&ocirc;n b&aacute;n, vận chuyển gia cầm ốm, chết nhập lậu qua bi&ecirc;n giới để ph&ograve;ng tr&aacute;nh bệnh c&uacute;m gia cầm.</p>\r\n\r\n<p style=\"text-align:justify\">C&aacute;c cơ sở y tế phải chuẩn bị đầy đủ, hỗ trợ kịp thời vật tư, trang thiết bị, thuốc, h&oacute;a chất để sẵn s&agrave;ng thu dung điều trị v&agrave; triển khai c&aacute;c hoạt động ph&ograve;ng chống dịch bệnh.</p>', 'zFF5_a20.jpg', 0, 0, 49, '2018-04-21 01:38:26', '2018-04-21 01:38:26'),
(1034, 'Dịch cúm dữ dội nhất trong vòng 10 năm, nước Mỹ \"không biết bao nhiêu trẻ nữa sẽ chết\"', 'dich-cum-du-doi-nhat-trong-vong-10-nam-nuoc-my-khong-biet-bao-nhieu-tre-nua-se-chet', '<p><strong>Dịch c&uacute;m năm nay tại Mỹ c&oacute; thể diễn tiến rất trầm trọng kể từ khi đại dịch c&uacute;m lợn - c&uacute;m A (H1N1) năm 2009, theo c&aacute;c quan chức y tế của Mỹ.</strong></p>', '<p style=\"text-align:justify\">Tại Mỹ, số lượng trường hợp mắc bệnh do virus c&uacute;m đang c&oacute; xu hướng tăng l&ecirc;n. Điều lo ngại hơn nữa l&agrave; tỷ lệ nhập viện v&agrave; nguy cơ tử vong cũng đang tăng l&ecirc;n.</p>\r\n\r\n<p style=\"text-align:justify\">Dịch c&uacute;m năm nay c&oacute; thể bằng hoặc hơn đại dịch c&uacute;m năm 2014-2015. Theo Trung t&acirc;m Kiểm so&aacute;t v&agrave; Ph&ograve;ng ch&oacute;ng Dịch bệnh Hoa Kỳ (CDC), đại dịch năm đ&oacute; khiến 34 triệu người Mỹ mắc bệnh, 71.000 người nhập viện v&agrave; khoảng 56.000 người tử vong.</p>\r\n\r\n<p style=\"text-align:justify\">Theo Tiến sĩ Daniel B. Jernigan, Gi&aacute;m đốc Bộ phận Dịch c&uacute;m của CDCcho biết:&nbsp;<em>&quot;Hiện tại, ch&uacute;ng t&ocirc;i ước t&iacute;nh số trường hợp mắc bệnh, nhập viện v&agrave; tử vong cũng gần như những con số tr&ecirc;n&quot;.</em></p>\r\n\r\n<p style=\"text-align:justify\">Theo b&aacute;o c&aacute;o của CDC, tuần vừa qua đ&atilde; c&oacute; 7 trẻ em thiệt mạng, n&acirc;ng con số tử vong từ đầu năm 2018 trong đại dịch n&agrave;y l&ecirc;n tới 37 ca. Hiện nay rất kh&oacute; để ước t&iacute;nh số trẻ em thiệt mạng trong dịch c&uacute;m năm nay.</p>\r\n\r\n<p style=\"text-align:justify\"><img alt=\"Dịch cúm năm nay có thể bằng hoặc hơn đại dịch cúm năm 2014-2015.\" src=\"http://img.khoahoc.tv/photos/image/2018/01/31/dich-cum.jpg\" style=\"height:422px; width:750px\" /><br />\r\nDịch c&uacute;m năm nay c&oacute; thể bằng hoặc hơn đại dịch c&uacute;m năm 2014-2015. (Ảnh minh họa).</p>\r\n\r\n<p style=\"text-align:justify\">Theo Tiến sĩ Jernigan,&nbsp;<strong>nguy&ecirc;n nh&acirc;n l&agrave; do dịch c&uacute;m vẫn c&ograve;n đang tiếp diễn v&agrave; nhiều nh&agrave; chức tr&aacute;ch kh&ocirc;ng biết được số trẻ em c&oacute; khả năng thiệt mạng tại nh&agrave;.</strong></p>\r\n\r\n<p style=\"text-align:justify\">Ngo&agrave;i ra, Tiến sĩ Jernigan cũng khuyến c&aacute;o c&aacute;c b&aacute;c sĩ v&agrave; nh&agrave; thuốc kiểm tra tr&ecirc;n website vaccinefinder.org để t&igrave;m kiếm c&aacute;c nh&agrave; cung ứng vắc-xin để dự ph&ograve;ng. Một v&agrave;i khu vực đ&atilde; bắt đầu cạn kiệt nguồn thuốc như Tamiflu. Do đ&oacute;, CDC đang cố gắng cung cấp thuốc ở những khu vực cần thiết nhất.</p>\r\n\r\n<p style=\"text-align:justify\">Năm 2009, nhiều bệnh nh&acirc;n mắc bệnh do đ&oacute; l&agrave; chủng virus mới. Chủng virus thống trị năm nay ch&iacute;nh l&agrave; H3N2. Chủng n&agrave;y xuất hiện khoảng 50 năm v&agrave; nổi l&ecirc;n th&agrave;nh&nbsp;<em>&quot;Đại dịch Hồng K&ocirc;ng&quot;</em>&nbsp;năm 1968. Tiến sĩ Jernigan cho biết H3N2 ch&iacute;nh l&agrave; nguy&ecirc;n nh&acirc;n g&acirc;y n&ecirc;n c&aacute;c đại dịch 1997-1998 v&agrave; 2003-2004.</p>\r\n\r\n<p style=\"text-align:justify\">Biểu đồ n&agrave;y mi&ecirc;u tả phần trăm bệnh nh&acirc;n ngoại tr&uacute; phải nhập viện do c&aacute;c triệu chứng giống c&uacute;m trước v&agrave; trong m&ugrave;a dịch.</p>\r\n\r\n<p style=\"text-align:justify\"><br />\r\n<img alt=\"Biểu đồ miêu tả phần trăm bệnh nhân ngoại trú phải nhập viện do các triệu chứng giống cúm trước và trong mùa dịch.\" src=\"http://img.khoahoc.tv/photos/image/2018/01/31/bieu-do.jpg\" style=\"height:428px; width:660px\" /><br />\r\nBiểu đồ mi&ecirc;u tả phần trăm bệnh nh&acirc;n ngoại tr&uacute; phải nhập viện do c&aacute;c triệu chứng giống c&uacute;m trước v&agrave; trong m&ugrave;a dịch.</p>\r\n\r\n<p style=\"text-align:justify\">Số lượng người nhập viện v&agrave; tử vong trong nh&oacute;m độ tuổi trưởng th&agrave;nh c&oacute; thể ảnh hưởng l&ecirc;n nền kinh tế nhiều hơn l&agrave; lượng ngưởi tử vong tr&ecirc;n 65. Nh&oacute;m độ tuổi n&agrave;y cũng &iacute;t được bảo vệ hơn. Gần đ&acirc;y, khoảng 41% người trong độ tuổi n&agrave;y kh&ocirc;ng được ti&ecirc;m ph&ograve;ng, trong khi đ&oacute; 57% người tr&ecirc;n 65 tuổi được ti&ecirc;m ph&ograve;ng.</p>\r\n\r\n<p style=\"text-align:justify\">Người cao tuổi thường được ti&ecirc;m ph&ograve;ng liều cao gấp 4 lần do hệ miễn dịch của họ đ&atilde; yếu đi. Mặc d&ugrave; mọi nổ lực của ch&iacute;nh quyền li&ecirc;n bang, số lượng người được ti&ecirc;m ph&ograve;ng mỗi năm lại giảm nhẹ.</p>\r\n\r\n<p style=\"text-align:justify\">Ở c&aacute;c bang như California v&agrave; West Coast, số người mắc bệnh đang tăng nhanh, gấp 4 lần số lượng người nhập viện trong dịch c&uacute;m 2014-2015, theo Tiến sĩ Jernigan. Trong khi đ&oacute;, bang Minnesota cao gấp hai lần v&agrave; New York v&agrave; Khu ph&iacute; Đ&ocirc;ng Bắc đang xấp xỉ dịch c&uacute;m 2014-2015.</p>\r\n\r\n<p style=\"text-align:justify\">Theo CDC, khoảng 6,6% trong số bệnh nh&acirc;n kh&aacute;m b&aacute;c sĩ c&oacute; dấu hiệu cảm c&uacute;m. Trong dịch c&uacute;m 2014-2015, con số n&agrave;y l&agrave; 6% v&agrave; dịch A (H1N1), con số n&agrave;y l&agrave; 7,7%.</p>\r\n\r\n<p style=\"text-align:justify\">Khoảng 3 tuần trước đ&oacute;, CDC dự đo&aacute;n người mắc bệnh đạt đỉnh điểm trong tuần giữa Noel v&agrave; năm mới. Nhưng sau đ&oacute;, số lượng người mắc bệnh tăng vọt c&oacute; thể l&agrave; do trẻ em bắt đầu đi học lại, theo Tiến sĩ Jernigan.</p>', 'UsTO_a21.jpg', 0, 0, 49, '2018-04-21 01:39:04', '2018-04-21 01:39:04'),
(1035, 'Các nhà khoa học làm gì để hồi sinh loài khủng long?', 'cac-nha-khoa-hoc-lam-gi-de-hoi-sinh-loai-khung-long-', '<p><strong>Việc hồi sinh lo&agrave;i khủng long l&agrave; điều v&ocirc; c&ugrave;ng kh&oacute; khăn v&agrave; kh&ocirc;ng giống với những g&igrave; ch&uacute;ng ta đ&atilde; thấy trong phim.</strong></p>', '<h2 style=\"text-align:justify\">L&agrave;m thế n&agrave;o để đưa lo&agrave;i khủng long trở về từ c&otilde;i chết?</h2>\r\n\r\n<p style=\"text-align:justify\">Trong bộ phim Jurassic World mới ra mắt, ch&uacute;ng ta được thấy c&aacute;c nh&agrave; khoa học&nbsp;<strong>hồi sinh</strong>&nbsp;một lo&agrave;i động vật đ&atilde; tuyệt chủng bằng c&aacute;ch<strong>&nbsp;x&acirc;y dựng lại chuỗi gen từ c&aacute;c mẫu h&oacute;a thạch.</strong>&nbsp;C&acirc;u chuyện nghe c&oacute; vẻ như chỉ c&oacute; trong phim, nhưng với sự ph&aacute;t triển của khoa học v&agrave; đặc biệt l&agrave; kỹ thuật di truyền khiến cho việc hồi sinh một lo&agrave;i động vật đ&atilde; bị tuyệt chủng c&oacute; thể trở th&agrave;nh hiện thực. Ngay cả khi lo&agrave;i động vật đ&oacute; l&agrave; khủng long, kẻ đ&atilde; từng thống trị Tr&aacute;i đất trước con người.</p>\r\n\r\n<p style=\"text-align:justify\">C&aacute;c nh&agrave; khoa học đ&atilde; tiến gần hơn đến việc hồi sinh một lo&agrave;i động vật đ&atilde; bị tuyệt chủng kh&aacute;c, đ&oacute; ch&iacute;nh l&agrave;<strong>&nbsp;voi ma-m&uacute;t</strong>. C&aacute;c nh&agrave; khoa học đ&atilde; x&acirc;y dựng lại th&agrave;nh c&ocirc;ng bộ gen của lo&agrave;i voi ma-m&uacute;t, bằng những mẫu h&oacute;a thạch được bảo quản rất tốt trong lớp băng tuyết d&agrave;y. Nhờ đ&oacute; m&agrave; họ đ&atilde; t&igrave;m ra được mẫu m&aacute;u được coi l&agrave; ho&agrave;n hảo nhất.</p>\r\n\r\n<p style=\"text-align:justify\"><img alt=\"Các nhà khoa học làm gì để hồi sinh loài khủng long?\" src=\"http://img.khoahoc.tv/photos/image/2015/06/23/khung_long_1.jpg\" style=\"height:331px; width:600px\" title=\"Khủng long\" /><br />\r\nLiệu con người c&oacute; thể hồi sinh lo&agrave;i động vật n&agrave;y?</p>\r\n\r\n<p style=\"text-align:justify\">Do đ&oacute;, việc hồi sinh lo&agrave;i khủng long dựa tr&ecirc;n việc&nbsp;<strong>kh&ocirc;i phục lại bộ gen</strong>&nbsp;của ch&uacute;ng l&agrave; điều ho&agrave;n to&agrave;n c&oacute; thể xảy ra. Tuy nhi&ecirc;n n&oacute; sẽ kh&ocirc;ng giống với những g&igrave; ch&uacute;ng ta thấy trong bộ phim Jurassic Park hay Jurassic World. C&aacute;c nh&agrave; l&agrave;m phim chỉ đang cố gằng để cho cốt truyện c&oacute; t&iacute;nh logic v&agrave; khoa học một ch&uacute;t. Nhưng tr&ecirc;n thực tế để hồi sinh lo&agrave;i khủng long sẽ cần những phương ph&aacute;p kh&aacute;c.</p>\r\n\r\n<h3 style=\"text-align:justify\">Bắt đầu từ chuỗi ADN</h3>\r\n\r\n<p style=\"text-align:justify\">Để c&oacute; thể hồi sinh một con khủng long, bắt buộc ch&uacute;ng ta cần c&oacute;<strong>&nbsp;chuỗi ADN</strong>&nbsp;của n&oacute;. Tuy nhi&ecirc;n mọi chuyện kh&ocirc;ng đơn giản như lấy mẫu m&aacute;u của khủng long b&ecirc;n trong một con muỗi được bảo quản dưới dạng h&oacute;a thạch hổ ph&aacute;ch. C&acirc;u chuyện trong phim l&agrave; kh&ocirc;ng c&oacute; cơ sở khoa học v&agrave; được c&aacute;c nh&agrave; l&agrave;m phim dựng l&ecirc;n gi&uacute;p cốt truyện nghe c&oacute; vẻ hợp l&yacute;.</p>\r\n\r\n<p style=\"text-align:justify\"><img alt=\"Các nhà khoa học làm gì để hồi sinh loài khủng long?\" src=\"http://img.khoahoc.tv/photos/image/2015/06/23/khung_long_2.jpg\" style=\"height:360px; width:480px\" title=\"Việc tìm ra ADN từ các hóa thạch này là điều rất khó khăn.\" /><br />\r\nADN kh&ocirc;ng thể tồn tại qu&aacute; l&acirc;u, do đ&oacute; việc t&igrave;m ra ADN từ c&aacute;c h&oacute;a thạch n&agrave;y l&agrave; điều rất kh&oacute; khăn.</p>\r\n\r\n<p style=\"text-align:justify\">Tr&ecirc;n thực tế th&igrave; để c&oacute; được mẫu ADN của lo&agrave;i khủng long c&oacute; hai c&aacute;ch, một l&agrave; từ&nbsp;<strong>mẫu h&oacute;a thạch xương khủng long</strong>&nbsp;v&agrave; hai l&agrave; từ c&aacute;c mẫu ADN của những<strong>&nbsp;lo&agrave;i tiến h&oacute;a</strong>&nbsp;sau n&agrave;y.</p>\r\n\r\n<p style=\"text-align:justify\">C&aacute;c nh&agrave; khoa học đang tiến kh&aacute; gần với c&aacute;ch đầu ti&ecirc;n, khi m&agrave; mới đ&acirc;y một ph&aacute;t hiện v&ocirc; c&ugrave;ng quan trọng đ&atilde; được c&ocirc;ng bố. Đ&oacute; l&agrave; lần đầu ti&ecirc;n c&aacute;c nh&agrave; khoa học t&igrave;m được<strong>&nbsp;mẫu m&aacute;u của khủng long từ h&oacute;a thạch,</strong>&nbsp;mặc d&ugrave; mẫu m&aacute;u n&agrave;y chưa ho&agrave;n thiện. V&agrave; c&aacute;c nh&agrave; khoa học vẫn chưa lấy được ADN của lo&agrave;i khủng long từ mẫu m&aacute;u n&agrave;y.</p>\r\n\r\n<p style=\"text-align:justify\">Với c&aacute;ch thứ hai, chuỗi ADN của khủng long c&oacute; thể được x&acirc;y dựng lại từ những lo&agrave;i thuộc chuỗi tiến h&oacute;a sau n&agrave;y. Điển h&igrave;nh l&agrave;&nbsp;<strong>lo&agrave;i chim</strong>, lo&agrave;i vật được coi l&agrave; hậu duệ của khủng long. C&aacute;c nh&agrave; khoa học sẽ phải dựa tr&ecirc;n mẫu ADN của lo&agrave;i chim, sau đ&oacute; x&acirc;y dựng lại c&aacute;c gen n&agrave;y dựa tr&ecirc;n việc giữ lại c&aacute;c gen của khủng long c&ograve;n x&oacute;t lại v&agrave; thay thế c&aacute;c gen đ&atilde; tiến h&oacute;a.</p>\r\n\r\n<p style=\"text-align:justify\"><img alt=\"Các nhà khoa học làm gì để hồi sinh loài khủng long?\" src=\"http://img.khoahoc.tv/photos/image/2015/06/23/khung_long_3.jpg\" style=\"height:342px; width:600px\" title=\"ADN\" /><br />\r\nC&aacute;c nh&agrave; khoa học đ&atilde; t&igrave;m ra gen quy định sự tiến h&oacute;a từ khủng long th&agrave;nh chim.</p>\r\n\r\n<p style=\"text-align:justify\">Đầu năm nay, c&aacute;c nh&agrave; khoa học đ&atilde; t&igrave;m ra&nbsp;<strong>gen quy định sự tiến h&oacute;a từ miệng khủng long th&agrave;nh mỏ của lo&agrave;i chim.</strong>&nbsp;M&agrave; từ đ&oacute;, họ c&oacute; thể t&aacute;i tạo lại phần đầu của lo&agrave;i khủng long dựa tr&ecirc;n việc thay đổi bộ gen của lo&agrave;i chim. Một bước tiến lớn gi&uacute;p ch&uacute;ng ta c&oacute; th&ecirc;m hy vọng hồi sinh lo&agrave;i khủng long.</p>\r\n\r\n<p style=\"text-align:justify\">Tuy nhi&ecirc;n vẫn c&ograve;n rất nhiều việc để l&agrave;m, v&igrave; sẽ rất kh&oacute; để c&oacute; thể x&acirc;y dựng bộ gen ho&agrave;n chỉnh của lo&agrave;i khủng long. Kh&aacute;c với voi ma-m&uacute;t do c&aacute;c mẫu h&oacute;a thạch của lo&agrave;i n&agrave;y được bảo quản rất tốt trong điều kiện nhiệt độ rất thấp của băng tuyết.</p>\r\n\r\n<h3 style=\"text-align:justify\">Sử dụng gen của c&aacute;c lo&agrave;i động vật kh&aacute;c</h3>\r\n\r\n<p style=\"text-align:justify\">Đ&acirc;y ch&iacute;nh l&agrave; c&aacute;ch m&agrave; c&aacute;c nh&agrave; khoa học trong Jurassic World đ&atilde; sử dụng để b&ugrave; đắp v&agrave;o những chỗ c&ograve;n thiếu trong chuỗi ADN của lo&agrave;i khủng long. Sử dụng gen của một số lo&agrave;i động vật kh&aacute;c kh&ocirc;ng phải điều qu&aacute; viễn tưởng, tuy nhi&ecirc;n cũng kh&ocirc;ng hề dễ d&agrave;ng.</p>\r\n\r\n<p style=\"text-align:justify\"><img alt=\"Các nhà khoa học làm gì để hồi sinh loài khủng long?\" src=\"http://img.khoahoc.tv/photos/image/2015/06/23/khung_long_4.jpg\" style=\"height:338px; width:600px\" title=\"Bộ gien hoàn chỉnh\" /><br />\r\nKết hợp gen của c&aacute;c lo&agrave;i n&agrave;y kh&ocirc;ng phải điều đơn giản.</p>\r\n\r\n<p style=\"text-align:justify\">Kh&ocirc;ng phải sử dụng gen của lo&agrave;i động vật n&agrave;o cũng c&oacute; thể gh&eacute;p v&agrave;o chuỗi ADN của lo&agrave;i khủng long m&agrave; ch&uacute;ng ta muốn hồi sinh. Trong phim ch&uacute;ng ta thấy rằng&nbsp;<strong>con khủng long Indominus rex</strong>&nbsp;c&oacute; những khả năng đặc biệt như ngụy trang hay thay đổi th&acirc;n nhiệt, dựa tr&ecirc;n việc<strong>&nbsp;cấy gh&eacute;p gen của một số lo&agrave;i động vật kh&aacute;c</strong>&nbsp;c&oacute; những khả năng n&agrave;y.</p>\r\n\r\n<p style=\"text-align:justify\">Tuy nhi&ecirc;n điều đ&oacute; l&agrave; rất kh&oacute; để xảy ra, c&aacute;c nh&agrave; khoa học cho rằng việc sử dụng gen của một số lo&agrave;i b&ograve; s&aacute;t sẽ l&agrave; hợp l&yacute; hơn để b&ugrave; đắp v&agrave;o những chỗ c&ograve;n thiếu của chuỗi ADN khủng long. Tuy nhi&ecirc;n ch&uacute;ng ta sẽ kh&ocirc;ng bao giờ tạo ra được một con khủng long ho&agrave;n chỉnh giống như tự nhi&ecirc;n đ&atilde; từng l&agrave;m c&aacute;ch đ&acirc;y h&agrave;ng chục triệu năm.</p>\r\n\r\n<h3 style=\"text-align:justify\">Sau khi c&oacute; chuỗi ADN ho&agrave;n thiện</h3>\r\n\r\n<p style=\"text-align:justify\">Giả sử như bằng một c&aacute;ch n&agrave;o đ&oacute; ch&uacute;ng ta kh&ocirc;i phục được chuỗi ADN ho&agrave;n thiện nhất của một lo&agrave;i khủng long. Vậy c&ocirc;ng việc tiếp theo l&agrave; g&igrave;? Đ&oacute; l&agrave; t&igrave;m một lo&agrave;i vật c&oacute; khả năng để l&agrave;m một con&nbsp;<em>&ldquo;khủng long mẹ&rdquo;.</em></p>\r\n\r\n<p style=\"text-align:justify\"><strong>Kỹ thuật nh&acirc;n bản</strong>&nbsp;hiện nay thay thế ph&ocirc;i v&agrave; vật liệu di truyền trong một tế b&agrave;o trứng bằng ph&ocirc;i m&agrave; c&aacute;c nh&agrave; khoa học tạo ra dựa tr&ecirc;n ADN đ&atilde; c&oacute;. Sau đ&oacute;, tế b&agrave;o trứng n&agrave;y sẽ được đưa v&agrave;o cơ thể của một con c&aacute;i, qu&aacute; tr&igrave;nh ph&aacute;t triển sau đ&oacute; giống như ph&ocirc;i tự nhi&ecirc;n.</p>\r\n\r\n<p style=\"text-align:justify\"><img alt=\"Các nhà khoa học làm gì để hồi sinh loài khủng long?\" src=\"http://img.khoahoc.tv/photos/image/2015/06/23/khung_long_5.jpg\" style=\"height:400px; width:600px\" title=\"Khủng long mẹ\" /><br />\r\nCh&uacute;ng ta cần một con &quot;khủng long mẹ&quot; để c&oacute; thể tạo ra một thế hệ khủng long mới.</p>\r\n\r\n<p style=\"text-align:justify\">Tuy nhi&ecirc;n ch&uacute;ng ta kh&ocirc;ng c&oacute; một con khủng long mẹ để c&oacute; thể cấy&nbsp;<strong>tế b&agrave;o trứng nh&acirc;n tạo</strong>&nbsp;v&agrave;o b&ecirc;n trong n&oacute;. Trong phim, c&aacute;c nh&agrave; khoa học cấy bộ gen v&agrave;o tế b&agrave;o trứng của đ&agrave; điểu, mặc d&ugrave; lo&agrave;i chim l&agrave; hậu duệ của khủng long nhưng điều đ&oacute; cũng kh&ocirc;ng khả thi.</p>\r\n\r\n<p style=\"text-align:justify\">Đối với lo&agrave;i&nbsp;<strong>voi ma-m&uacute;t</strong>, c&aacute;c nh&agrave; khoa học c&oacute; thể cấy tế b&agrave;o trứng v&agrave;o trong một&nbsp;<strong>con voi ch&acirc;u &Aacute;</strong>&nbsp;hiện nay. V&igrave; ch&uacute;ng c&ugrave;ng thuộc một lo&agrave;i, mặc d&ugrave; tỷ lệ th&agrave;nh c&ocirc;ng kh&ocirc;ng phải l&agrave; 100%.</p>\r\n\r\n<p style=\"text-align:justify\">Do đ&oacute;, đ&acirc;y l&agrave; kh&acirc;u kh&oacute; nhất trong qu&aacute; tr&igrave;nh hồi sinh một lo&agrave;i khủng long. C&aacute;c nh&agrave; khoa học chưa thể t&igrave;m được lo&agrave;i động vật n&agrave;o đủ điều kiện để c&oacute; thể cấy tế b&agrave;o trứng v&agrave;o trong cơ thể n&oacute;. V&igrave; c&aacute;c tế b&agrave;o n&agrave;y sau khi được cấy v&agrave;o b&ecirc;n trong cơ thể của lo&agrave;i vật đ&oacute;, sẽ tiếp tục trải qua một qu&aacute; tr&igrave;nh ph&aacute;t triển chịu ảnh hưởng của c&aacute;c ty lạp thể. Khiến cho tế b&agrave;o trứng c&oacute; những đặc điểm di truyền của con mẹ.</p>\r\n\r\n<h3 style=\"text-align:justify\">Tạm kết</h3>\r\n\r\n<p style=\"text-align:justify\">Như vậy, việc hồi sinh lo&agrave;i khủng long l&agrave; điều v&ocirc; c&ugrave;ng kh&oacute; khăn v&agrave; kh&ocirc;ng giống với những g&igrave; ch&uacute;ng ta đ&atilde; thấy trong phim. Ngay cả khi đ&atilde; kh&ocirc;i phục được chuỗi ADN ho&agrave;n thiện của khủng long, n&oacute; cũng chỉ gi&uacute;p c&aacute;c nh&agrave; khoa học hiểu th&ecirc;m về lo&agrave;i động vật n&agrave;y chứ chưa phải điều kiện đủ để đưa ch&uacute;ng trở về từ c&otilde;i chết.</p>\r\n\r\n<p style=\"text-align:justify\">Tuy nhi&ecirc;n đ&oacute; cũng c&oacute; thể l&agrave; điều may mắn, v&igrave; việc&nbsp;<strong>hồi sinh một lo&agrave;i động vật đ&atilde; tuyệt chủng</strong>&nbsp;c&oacute; thể g&acirc;y ra rất nhiều vấn đề m&agrave; ch&uacute;ng ta kh&ocirc;ng lường trước, chưa kể đến vấn đề đạo đức khi nh&acirc;n bản c&aacute;c lo&agrave;i động vật. Mặc d&ugrave; vậy, nghi&ecirc;n cứu c&aacute;c h&oacute;a thạch khủng long vẫn l&agrave; một c&ocirc;ng việc th&uacute; vị v&agrave; quan trọng đối với c&aacute;c nh&agrave; khảo cổ. Kh&ocirc;ng chỉ hướng về tương lai, m&agrave; ch&uacute;ng ta c&ograve;n cần phải biết qu&aacute; khứ đ&atilde; diễn ra như thế n&agrave;o. L&agrave;m sao để trả lời cho c&acirc;u hỏi vũ trụ v&agrave; con người đ&atilde; được h&igrave;nh th&agrave;nh như thế n&agrave;o?</p>', 'mPbE_a22.jpg', 0, 0, 50, '2018-04-21 01:53:18', '2018-04-21 01:53:18'),
(1036, 'Công nghệ gene có thể biến con người thành siêu nhân', 'cong-nghe-gene-co-the-bien-con-nguoi-thanh-sieu-nhan', '<p><strong>Mặc d&ugrave; l&agrave; một sinh vật tiến ho&aacute; cao, song kh&ocirc;ng thể n&oacute;i rằng con người đ&atilde; đạt đến mức ho&agrave;n hảo.</strong></p>', '<p style=\"text-align:justify\">Ch&uacute;ng ta vẫn dễ bị tổn thương trước c&aacute;c dịch bệnh, ch&acirc;n kh&ocirc;ng chạy nhanh như b&aacute;o, cơ thể kh&ocirc;ng dẻo dai như m&egrave;o, mũi kh&ocirc;ng th&iacute;nh như ch&oacute;, mắt kh&ocirc;ng tinh như đại b&agrave;ng... Vậy, con người c&oacute; thể trở th&agrave;nh si&ecirc;u nh&acirc;n được kh&ocirc;ng?</p>\r\n\r\n<h2 style=\"text-align:justify\">Biến con người th&agrave;nh si&ecirc;u nh&acirc;n</h2>\r\n\r\n<p style=\"text-align:justify\">Trong c&aacute;c nỗ lực để ho&agrave;n thiện cũng như&nbsp;<em>&quot;sửa chữa</em>&quot; con người,&nbsp;<strong>liệu ph&aacute;p gene l&agrave; một hướng đi s&aacute;ng gi&aacute;</strong>. Một trong những nh&agrave; di truyền học h&agrave;ng đầu thế giới, George Church, cho rằng ch&uacute;ng ta đang tới gần hơn l&uacute;c n&agrave;o hết trong c&ocirc;ng nghệ biến đổi gene. Thử tưởng tượng DNA như c&aacute;c th&agrave;nh phần của một cỗ xe, việc<em>&nbsp;&quot;độ&quot;</em>c&aacute;c đoạn gene&nbsp;<em>&quot;xấu&quot;</em>&nbsp;hoặc gene sang c&aacute;c bản&nbsp;<em>&quot;tốt</em>&quot; hơn sẽ gi&uacute;p ch&uacute;ng ta khoẻ mạnh hơn v&agrave; c&oacute; thể sống thọ hơn, chẳng hạn như tới 200 năm ?</p>\r\n\r\n<p style=\"text-align:justify\"><img alt=\"Công nghệ gene có thể biến con người thành siêu nhân\" src=\"http://img.khoahoc.tv/photos/image/2015/04/25/gene_1.jpg\" style=\"height:338px; width:600px\" title=\"Công nghệ gene\" /><br />\r\nLiệu con người c&oacute; thể &quot;b&aacute; đạo&quot; như Superman...</p>\r\n\r\n<p style=\"text-align:justify\">Dĩ nhi&ecirc;n, ch&uacute;ng ta sẽ kh&ocirc;ng trở th&agrave;nh Superman, nhưng ho&agrave;n to&agrave;n c&oacute; thể giống như Batman. Thử nghĩ đến cảnh ch&uacute;ng ta c&oacute; những&nbsp;<strong>cơ bắp cực khoẻ, hoặc cơ thể kh&ocirc;ng c&ograve;n ph&aacute;t sinh m&ugrave;i h&ocirc;i, hoặc đ&aacute;nh l&ugrave;i những căn bệnh tuổi gi&agrave; như Alzheimer, thậm ch&iacute; l&agrave; ung thư</strong>. Ai lại kh&ocirc;ng muốn?</p>\r\n\r\n<p style=\"text-align:justify\"><img alt=\"Công nghệ gene có thể biến con người thành siêu nhân\" src=\"http://img.khoahoc.tv/photos/image/2015/04/25/gene_2.jpg\" style=\"height:252px; width:600px\" title=\"Công nghệ gene\" /><br />\r\n...hoặc mạnh mẽ v&agrave; th&ocirc;ng minh như Batman?</p>\r\n\r\n<p style=\"text-align:justify\">Song bạn đừng phấn kh&iacute;ch qu&aacute; sớm. Một c&ocirc;ng nghệ biến đổi gene mới được ph&aacute;t triển,&nbsp;<strong>CRISPR</strong>, hiện vẫn c&ograve;n xa mức ho&agrave;n hảo. CRISPR về l&yacute; thuyết, tương tự thuật to&aacute;n Find and Replace c&oacute; trong c&aacute;c chương tr&igrave;nh soạn thảo văn bản Word. N&oacute; sẽ t&igrave;m những đoạn m&atilde; gene kh&ocirc;ng tốt v&agrave; thay v&agrave;o đ&oacute; những &quot;<em>d&ograve;ng lệnh</em>&quot; tốt dưới sự lập tr&igrave;nh của c&aacute;c nh&agrave; di truyền học. Tuy vậy,&nbsp;<strong>t&iacute;nh đến thời điểm n&agrave;y, độ ch&iacute;nh x&aacute;c của CRISPR hiện chỉ đạt 20%</strong>. N&oacute; sẽ cần được ho&agrave;n thiện nhiều hơn nữa.</p>\r\n\r\n<p style=\"text-align:justify\">Nhưng bạn cũng đừng thất vọng. &Iacute;t nhất t&iacute;nh đến l&uacute;c n&agrave;y, theo Church, ch&uacute;ng ta đ&atilde; c&oacute; thể nghĩ đến việc&nbsp;<strong>thay thế 10 đoạn gene</strong>&nbsp;với c&aacute;c lợi &iacute;ch sau:</p>\r\n\r\n<ul>\r\n	<li style=\"text-align: justify;\">LRP5 - G171V/+ : Gi&uacute;p xương khoẻ hơn</li>\r\n	<li style=\"text-align: justify;\">MSTN : Gi&uacute;p cơ bắp săn chắc, &iacute;t mỡ hơn</li>\r\n	<li style=\"text-align: justify;\">SCN9A : Xoa dịu cảm gi&aacute;c đau đớn</li>\r\n	<li style=\"text-align: justify;\">ABCC11 : Giảm việc tạo m&ugrave;i cơ thể</li>\r\n	<li style=\"text-align: justify;\">CCR5, FUT2 : Tăng đề kh&aacute;ng với virus</li>\r\n	<li style=\"text-align: justify;\">PCSK9 : Giảm nguy cơ động mạch v&agrave;nh</li>\r\n	<li style=\"text-align: justify;\">APP - A673T/+ : Giảm nguy cơ bị Alzheimer</li>\r\n	<li style=\"text-align: justify;\">GHR, GH : Giảm nguy cơ bị ung thư</li>\r\n	<li style=\"text-align: justify;\">SLC30A8 : Giảm nguy tiểu đường loại 2</li>\r\n	<li style=\"text-align: justify;\">IFIH1 - E627X/+ : Giảm nguy cơ tiểu đường loại 1</li>\r\n</ul>', 'YrUB_a23.jpg', 1, 0, 50, '2018-04-21 01:54:45', '2018-04-21 01:54:45'),
(1037, 'Những khả năng biến gián thành sinh vật khó chết', 'nhung-kha-nang-bien-gian-thanh-sinh-vat-kho-chet', '<p><strong>Gi&aacute;n được xem l&agrave; một trong những sinh vật kh&oacute; chết nhất h&agrave;nh tinh nhờ sức chịu đựng đặc biệt trong điều kiện cực hạn.</strong></p>', '<p style=\"text-align:justify\"><img alt=\"Gián là loài rất khó tiêu diệt.\" src=\"http://img.khoahoc.tv/photos/image/2018/03/24/con-gian.jpg\" style=\"height:422px; width:750px\" /><br />\r\nGi&aacute;n l&agrave; lo&agrave;i rất kh&oacute; ti&ecirc;u diệt.</p>\r\n\r\n<ul>\r\n	<li style=\"text-align: justify;\"><strong>Bạn kh&ocirc;ng thể chặn ch&uacute;ng</strong>: Gi&aacute;n c&oacute; thể chui qua khe hở nhỏ bằng 1/4 chiều cao cơ thể ch&uacute;ng trong chưa đầy 1 gi&acirc;y.</li>\r\n	<li style=\"text-align: justify;\"><strong>Bạn kh&ocirc;ng thể bắt ch&uacute;ng</strong>: gi&aacute;n c&oacute; thể chạy ở tốc độ bằng 50 lần chiều d&agrave;i cơ thể một gi&acirc;y, tương ứng tốc độ 322km/h ở người. Chỉ những khoảng trống nhỏ nhất mới c&oacute; thể l&agrave;m giảm tốc độ của ch&uacute;ng.</li>\r\n	<li style=\"text-align: justify;\"><strong>Bạn kh&ocirc;ng thể c&aacute;n n&aacute;t ch&uacute;ng</strong>: Gi&aacute;n c&oacute; thể chịu được lực lớn hơn 900 lần trọng lượng cơ thể m&agrave; kh&ocirc;ng bị thương.</li>\r\n</ul>\r\n\r\n<p style=\"text-align:justify\">Những đặc điểm n&agrave;y c&oacute; thể gợi &yacute; cho thiết kế robot t&igrave;m kiếm nạn để nhanh ch&oacute;ng x&aacute;c định vị tr&iacute; người sống s&oacute;t trong kh&ocirc;ng gian hẹp.</p>', '0V8O_a25.jpg', 0, 0, 53, '2018-04-21 02:00:57', '2018-04-21 02:00:57'),
(1038, 'Các nhà khoa học đã phát hiện ra bí mật sự sống loài muỗi', 'cac-nha-khoa-hoc-da-phat-hien-ra-bi-mat-su-song-loai-muoi', '<p><strong>Một nh&oacute;m c&aacute;c nh&agrave; nghi&ecirc;n cứu Nhật Bản v&agrave; Nga ph&aacute;t hiện ra rằng con muỗi ch&acirc;u Phi sống được trong điều kiện kh&ocirc;ng thuận lợi do khi cần thiết n&oacute; c&oacute; thể l&agrave;m kh&ocirc; cơ thể của m&igrave;nh v&agrave; sau đ&oacute; trở lại trạng th&aacute;i ban đầu.</strong></p>', '<p style=\"text-align:justify\"><img alt=\"Muỗi châu Phi\" src=\"http://img.khoahoc.tv/photos/image/2018/03/12/muoi-Polypedilum-vanderplanki.jpg\" style=\"height:379px; width:700px\" /><br />\r\nMuỗi Polypedilum vanderplanki.</p>\r\n\r\n<p style=\"text-align:justify\">Ở đ&acirc;y n&oacute;i về lo&agrave;i&nbsp;<strong>muỗi Polypedilum vanderplanki</strong>, chủ yếu sống ở Ch&acirc;u Phi. Điều kiện sống kh&oacute; khăn bắt đầu khi hạn h&aacute;n, sẽ k&iacute;ch hoạt một protein cụ thể trong hệ thống tế b&agrave;o của con c&ocirc;n tr&ugrave;ng. Kết quả l&agrave; bắt đầu qu&aacute; tr&igrave;nh tự l&agrave;m kh&ocirc; cơ thể của muỗi.</p>\r\n\r\n<p style=\"text-align:justify\">Khi đ&oacute; chấm dứt tất cả c&aacute;c hoạt động chức năng cơ học của cơ thể, ở một trạng th&aacute;i như vậy c&ocirc;n tr&ugrave;ng sẽ trở n&ecirc;n miễn dịch ngay cả trước những t&aacute;c động của acetone v&agrave; nitơ. Một con muỗi c&oacute; thể sống trong v&agrave;i năm ở trong trạng th&aacute;i &quot;kh&ocirc;&quot; như vậy.</p>', '9kTU_a24.jpg', 0, 0, 53, '2018-04-21 02:01:42', '2018-04-21 02:01:42'),
(1039, 'Top 10 loại nấm quý hiếm nhất ở Việt Nam', 'top-10-loai-nam-quy-hiem-nhat-o-viet-nam', '<p><strong>Hiện nay c&aacute;c loại nấm l&agrave; m&oacute;n ăn ưa th&iacute;ch của nhiều người. Kh&ocirc;ng chỉ c&oacute; gi&aacute; trị dinh dưỡng cao ch&uacute;ng c&ograve;n l&agrave; nguy&ecirc;n liệu để chế biến những m&oacute;n ăn hấp dẫn. Dưới đ&acirc;y l&agrave; 10 loại nấm qu&yacute; hiếm nhất ở Việt Nam hiện nay.</strong></p>', '<h2 style=\"text-align:justify\">1. Nấm T&acirc;m Tr&uacute;c</h2>\r\n\r\n<p style=\"text-align:justify\"><img alt=\"Nấm Tâm Trúc\" src=\"http://img.khoahoc.tv/photos/image/2018/03/10/nam-tam-truc.jpg\" style=\"height:500px; width:750px\" /></p>\r\n\r\n<p style=\"text-align:justify\">Nấm T&acirc;m Tr&uacute;c (hoặc nấm nữ ho&agrave;ng) với t&ecirc;n khoa học l&agrave; Dictyophora Indusiata thường mọc tự nhi&ecirc;n ở trong l&ograve;ng đất, khi loại nấm n&agrave;y c&ograve;n nhỏ th&igrave; đầu tr&ecirc;n của n&oacute; l&agrave; một h&igrave;nh ch&oacute;p c&oacute; m&agrave;u đen hoặc n&acirc;u đậm v&agrave; được bao phủ bởi một lớp nhầy. Khi trưởng th&agrave;nh, phần mũ nấm nở bung ra với m&agrave;u v&agrave;ng hoặc trắng. Ở Việt Nam loại nấm n&agrave;y thường mọc ở c&aacute;c bờ ruộng, bờ tre, hoặc ven bờ s&ocirc;ng. C&aacute;c nh&agrave; khoa học chỉ ra rằng chiết xuất từ loại nấm T&acirc;m Tr&uacute;c gi&uacute;p ph&ograve;ng ngừa v&agrave; điều trị c&aacute;c bệnh như: ung thư v&uacute; ở nữ giới, c&oacute; thể chữa bệnh gout v&agrave; tăng cường hệ miễn dịch cho cơ thể,&hellip;</p>\r\n\r\n<h2 style=\"text-align:justify\">2. Nấm Th&aacute;i Dương</h2>\r\n\r\n<p style=\"text-align:justify\"><img alt=\"Nấm Thái Dương\" src=\"http://img.khoahoc.tv/photos/image/2018/03/10/nam-thai-duong.jpg\" style=\"height:563px; width:750px\" /></p>\r\n\r\n<p style=\"text-align:justify\">Nấm Th&aacute;i Dương (hay c&ograve;n gọi l&agrave; nấm mặt trời, nấm c&ocirc;ng ch&uacute;a, nấm ho&agrave;ng gia, nấm Thi&ecirc;n Ch&uacute;a). Loại nấm n&agrave;y c&oacute; nguồn nguồn gốc từ Brazil, hiện nay nay ch&uacute;ng được trồng ở nhiều nơi tr&ecirc;n thế giớii trong đ&oacute; c&oacute; Việt Nam.</p>\r\n\r\n<p style=\"text-align:justify\">Đồng Th&aacute;p l&agrave; nơi đầu ti&ecirc;n xuất hiện nấm Th&aacute;i Dương ở nước ta. Loại nấm n&agrave;y c&oacute; mũ m&agrave;u x&aacute;m, m&agrave;u hồng hoặc m&agrave;u n&acirc;u đỏ tr&ecirc;n đ&oacute; c&oacute; điểm c&aacute;c sợi tơ rất nhỏ, ở ch&acirc;n nấm th&igrave; m&agrave;u trắng. Trong nấm Th&aacute;i Dương c&oacute; h&agrave;m lượng protein rất cao 40 &ndash; 50 %; ngo&agrave;i ra c&ograve;n chứa c&aacute;c vitamin như B1, B2, vitamin K, chất xơ từ 6 &ndash; 8%, đặc biệt c&ograve;n c&oacute; chất Polysaccharides &ndash; rất quan trọng trong việc điều trị c&aacute;c bệnh ung thư. Hiện nay, nấm Th&aacute;i Dương đ&atilde; được nghi&ecirc;n cứu để điều chế c&aacute;c loại thực phẩm chức năng v&agrave; thuốc chữa bệnh.</p>\r\n\r\n<h2 style=\"text-align:justify\">3. Nấm Thượng Ho&agrave;ng</h2>\r\n\r\n<p style=\"text-align:justify\"><img alt=\"Nấm thượng hoàng\" src=\"http://img.khoahoc.tv/photos/image/2018/03/10/nam-thuong-hoang.jpg\" style=\"height:508px; width:750px\" /></p>\r\n\r\n<p style=\"text-align:justify\">Nấm Thượng Ho&agrave;ng (t&ecirc;n gọi kh&aacute;c l&agrave; nấm Ho&agrave;ng Sơn), loại nấm n&agrave;y c&oacute; m&agrave;u v&agrave;ng thuộc giống nấm qu&yacute; trong tự nhi&ecirc;n v&agrave; hiện nay đ&atilde; được nh&acirc;n giống tr&ecirc;n diện rộng v&agrave; ph&aacute;t triển ở quy m&ocirc; c&ocirc;ng nghiệp. Nấm Thượng Ho&agrave;ng rất tốt trong việc ngăn chặn sự ph&aacute;t triển của c&aacute;c tế b&agrave;o ung thư đặc biệt l&agrave; bệnh ung thư v&uacute;, ngo&agrave;i ra ch&uacute;ng c&ograve;n c&oacute; khả năng loại bỏ tạp chất gi&uacute;p l&agrave;m trong m&aacute;u, ngăn ngừa mỡ thừa ở c&aacute;c bộ phận, gi&uacute;p cơ thể được thanh lọc v&agrave; điều h&ograve;a huyết &aacute;p.</p>\r\n\r\n<h2 style=\"text-align:justify\">4.&nbsp;<a href=\"http://khoahoc.tv/nguy-hai-khi-bao-quan-va-dung-nam-linh-chi-sai-cach-69370\" rel=\"noopener noreferrer\" target=\"_blank\" title=\"Nguy hại khi bảo quản và dùng nấm linh chi sai cách\">Nấm Linh Chi</a></h2>\r\n\r\n<p style=\"text-align:justify\"><img alt=\"Nấm linh chi\" src=\"http://img.khoahoc.tv/photos/image/2018/03/10/nam-linh-chi.jpg\" style=\"height:500px; width:750px\" /></p>\r\n\r\n<p style=\"text-align:justify\">Nấm Linh Chi (c&aacute;c t&ecirc;n gọi kh&aacute;c Ti&ecirc;n thảo, Nấm trường thọ, Vạn ni&ecirc;n nhung) l&agrave; một loại nấm nằm trong họ nấm lim. c&ograve;n c&oacute;. Loại nấm cực phẩm n&agrave;y c&oacute; rất nhiều c&ocirc;ng dụng như: tăng cường hệ miễn dịch của cơ thể; l&agrave;m sạch hệ ti&ecirc;u h&oacute;a từ đ&oacute; trị chứng t&aacute;o b&oacute;n; gi&uacute;p an thần, tr&aacute;nh c&aacute;c mệt mỏi, căng thẳng; chống t&igrave;nh trạng gan nhiễm mỡ hoặc bệnh xơ vữa động mạch; chống c&aacute;c bệnh ung thư, k&igrave;m h&atilde;m sự ph&aacute;t triển của c&aacute;c tế b&agrave;o ung thư; ph&ograve;ng v&agrave; chữa bệnh tiểu đường; gi&uacute;p l&agrave;m đẹp da,&hellip;</p>\r\n\r\n<h2 style=\"text-align:justify\">5. Nấm Hầu Thủ</h2>\r\n\r\n<p style=\"text-align:justify\"><img alt=\"Nấm hầu thủ\" src=\"http://img.khoahoc.tv/photos/image/2018/03/10/nau-hau-thu.jpg\" style=\"height:498px; width:750px\" /></p>\r\n\r\n<p style=\"text-align:justify\">Nấm Hầu Thủ ph&acirc;n bố rộng r&atilde;i ở v&ugrave;ng Đ&ocirc;ng &Aacute; thuộc lớp Đảm Basidiomycetes trong bộ Aphyllophorales v&agrave;họ Hydnaceae. Loại nấm n&agrave;y kh&ocirc;ng mọc ở mặt đất m&agrave; mọc ở c&aacute;c c&acirc;y gỗ thuộc nh&oacute;m sồi dẻ, hoặc một số loại c&acirc;y l&aacute; rộng đang đ&atilde; mục n&aacute;t</p>\r\n\r\n<p style=\"text-align:justify\">Nấm Hầu Thủ thường được d&ugrave;ng để điều trị một số bệnh như vi&ecirc;m lo&eacute;t dạ d&agrave;y - t&aacute; tr&agrave;ng, ruột, c&ugrave;ng một số bệnh kh&aacute;c ở đường ti&ecirc;u h&oacute;a kh&aacute;c. Ngo&agrave;i ra loại nấm n&agrave;y c&ograve;n c&oacute; t&aacute;c dụng đối với bệnh bệnh Alzheimer, ngăn chặn qu&aacute; tr&igrave;nh l&atilde;o h&oacute;a gi&uacute;p phục hồi c&aacute;c neuron thần kinh, gi&uacute;p tăng cường hệ miễn dịch cho cơ thể v&agrave; chống bệnh ung thư phổi di căn.</p>\r\n\r\n<h2 style=\"text-align:justify\">6.&nbsp;<a href=\"http://khoahoc.tv/loai-nam-dat-nhu-vang-rong-tren-day-hoang-lien-son-91124\" rel=\"noopener noreferrer\" target=\"_blank\" title=\"Loài nấm đắt như vàng ròng trên dãy Hoàng Liên Sơn\">Nấm Phục Linh Thi&ecirc;n</a></h2>\r\n\r\n<p style=\"text-align:justify\"><img alt=\"Nấm phục linh thiên\" src=\"http://img.khoahoc.tv/photos/image/2018/03/10/nam-phuc-linh-thien.jpg\" style=\"height:457px; width:624px\" /></p>\r\n\r\n<p style=\"text-align:justify\">Nấm Phục Linh Thi&ecirc;n c&oacute; t&aacute;c dụng phục thần, tăng cường sinh lực cơ thể v&agrave; điều tuyệt vời l&agrave; c&oacute; khả năng ức chế c&aacute;c khối u, thậm ch&iacute; l&agrave;m teo những khối u &aacute;c t&iacute;nh. Khả năng ổn định huyết &aacute;p của n&oacute; th&igrave; kh&ocirc;ng lo&agrave;i c&acirc;y cỏ n&agrave;o s&aacute;nh bằng. L&yacute; do loại nấm n&agrave;y đắt chủ yếu l&agrave; v&igrave; t&aacute;c dụng trị ung thư.</p>\r\n\r\n<p style=\"text-align:justify\">Phục Linh Thi&ecirc;n l&agrave; loại nấm thường mọc k&yacute; sinh ở rễ c&acirc;y th&ocirc;ng v&agrave; nằm s&acirc;u 20 &ndash; 30 cm ở dưới Loại nấm n&agrave;y c&oacute; mặt ngo&agrave;i m&agrave;u n&acirc;u đen, bề mặt sần s&ugrave;i, một số chỗ c&oacute; thể nổi bướu. Ph&acirc;n loại nấm n&agrave;y dựa v&agrave;o m&agrave;u sắc: nấm m&agrave;u trắng gọi l&agrave; bạch linh; nấm m&agrave;u hồng x&aacute;m gọi l&agrave; x&iacute;ch linh.</p>\r\n\r\n<p style=\"text-align:justify\">Nấm Phục Linh Thi&ecirc;n c&oacute; t&aacute;c dụng mạnh hơn nhiều lần so với nh&acirc;n s&acirc;m đối đặc biệt l&agrave; những bệnh nh&acirc;n đang trong trạng th&aacute;i nguy kịch. Hiện nay ở nước ta, Phục Linh Thi&ecirc;n c&oacute; tại Ho&agrave;ng Li&ecirc;n Sơn.</p>\r\n\r\n<h2 style=\"text-align:justify\">7. Nấm mối</h2>\r\n\r\n<p style=\"text-align:justify\"><img alt=\"Nấm mối\" src=\"http://img.khoahoc.tv/photos/image/2018/03/10/nam-moi.jpg\" style=\"height:493px; width:660px\" /></p>\r\n\r\n<p style=\"text-align:justify\">Nấm mối c&oacute; t&ecirc;n khoa học l&agrave; Termitomyces albuminosus, đ&acirc;y l&agrave; một loại nấm mọc tự nhi&ecirc;n.. Loại nấm n&agrave;y l&agrave; nguồn thực phẩm vừa thơm ngon, bổ dưỡng lại mang lại gi&aacute; trị kinh tế cao. Nấm mối chỉ mọc ở v&ugrave;ng đất cao c&oacute; khi hậu th&iacute;ch hợp như Bến Tre, Vĩnh Long hoặc một số tỉnh kh&aacute;c ở v&ugrave;ng Đ&ocirc;ng Nam Bộ, nấm n&agrave;y c&oacute; m&agrave;u trắng phần gốc hơi ngả v&agrave;ng.</p>\r\n\r\n<p style=\"text-align:justify\">Hiện nay c&oacute; nhiều c&ocirc;ng tr&igrave;nh khoa học để nh&acirc;n giống loại nấm n&agrave;y nhưng chưa th&agrave;nh c&ocirc;ng, số lượng của n&oacute; ng&agrave;y c&agrave;ng &iacute;t đi do sự thay đổi của kh&iacute; hậu v&agrave; m&ocirc;i trường sống.</p>\r\n\r\n<h2 style=\"text-align:justify\">8. Nấm hải sản</h2>\r\n\r\n<p style=\"text-align:justify\"><img alt=\"Nấm hải sản\" src=\"http://img.khoahoc.tv/photos/image/2018/03/10/nam-hai-san.jpg\" style=\"height:469px; width:700px\" /></p>\r\n\r\n<p style=\"text-align:justify\">Nấm hải sản hay c&oacute; t&ecirc;n gọi kh&aacute;c l&agrave; nấm bạch huyết, loại nấm n&agrave;y c&oacute; m&agrave;u trắng v&agrave; m&ugrave;i vị tương tự như c&aacute;c loại hải sản. Trong nấm hải sản c&oacute; rất nhiều kho&aacute;ng chất, c&aacute;c axit amin gi&uacute;p người d&ugrave;ng tăng cường tr&iacute; nhớ, dần dần cải thiện hệ thống thần kinh, ngo&agrave;i ra nấm hải sản c&ograve;n gi&uacute;p c&oacute; tăng cường hệ miễn dịch của cơ thể từ đ&oacute; gi&uacute;p ức chế v&agrave; ngăn ngừa bệnh ung thư c&ugrave;ng nhiều loại bệnh nguy hiểm kh&aacute;c.</p>\r\n\r\n<h2 style=\"text-align:justify\">9. Nấm tr&acirc;m v&agrave;ng</h2>\r\n\r\n<p style=\"text-align:justify\"><img alt=\"Nấm trâm vàng\" src=\"http://img.khoahoc.tv/photos/image/2018/03/10/nam-tram-vang.jpg\" style=\"height:352px; width:750px\" /></p>\r\n\r\n<p style=\"text-align:justify\">Nấm Tr&acirc;m v&agrave;ng thường xuất hiện v&agrave;o thời điểm cuối m&ugrave;a thu, đầu m&ugrave;a xu&acirc;n. Nấm Tr&acirc;m v&agrave;ng c&oacute; k&iacute;ch thước hơi nhỏ, th&acirc;n hơi d&agrave;i tr&ocirc;ng giống như loại rau tr&acirc;m v&agrave;ng, ph&aacute;t triển ở những v&ugrave;ng nhiệt độ thấp, thậm ch&iacute; loại nấm n&agrave;y c&oacute; thể sinh sống trong v&ugrave;ng kh&iacute; hậu gi&oacute; tuyết. Nấm Tr&acirc;m v&agrave;ng c&oacute; vị rất ngon khi được chế biến v&agrave; đ&atilde; nổi danh trong nền ẩm thực từ rất l&acirc;u, do c&oacute; m&ugrave;i vị rất đặc trưng. Thịt nấm tr&acirc;m v&agrave;ng non, rất mềm, b&ecirc;n trong c&oacute; chứa nhiều dưỡng chất v&agrave; 8 loại axit amin kh&aacute;c nhau gi&uacute;p ph&ograve;ng chống ung thư rất tốt.</p>\r\n\r\n<h2 style=\"text-align:justify\">10. Nấm mỡ g&agrave;</h2>\r\n\r\n<p style=\"text-align:justify\"><img alt=\"Nấm mỡ gà\" src=\"http://img.khoahoc.tv/photos/image/2018/03/10/nam-mo-ga.jpg\" style=\"height:494px; width:750px\" /></p>\r\n\r\n<p style=\"text-align:justify\">Nấm mỡ g&agrave; c&oacute; chứa c&aacute;c th&agrave;nh phần gi&uacute;p hỗ trợ chữa c&aacute;c bệnh li&ecirc;n quan đến gan như vi&ecirc;m gan, xơ gan; c&aacute;c bệnh ung thư, v&agrave; tăng cường sức đề kh&aacute;ng của cơ thể. Kh&ocirc;ng chỉ vậy nấm mỡ g&agrave; c&ograve;n gi&uacute;p ph&ograve;ng chống c&aacute;c bệnh li&ecirc;n quan đến mỡ m&aacute;u, gi&uacute;p kh&iacute; huyết lưu th&ocirc;ng. Loại nấm n&agrave;y c&oacute; th&acirc;n mềm, viền nấm cao v&agrave; mũ nấm l&otilde;m xuống với m&agrave;u v&agrave;ng ươm kh&aacute; giống với m&agrave;u mỡ g&agrave;. Ngo&agrave;i ra, nấm mỡ g&agrave; c&ograve;n chứa rất nhiều chất xơ gi&uacute;p chị em duy tr&igrave; được v&oacute;c d&aacute;ng v&agrave; sức khỏe.</p>', 'Eejs_a27.jpg', 1, 0, 52, '2018-04-21 02:07:43', '2018-04-21 02:07:43'),
(1040, 'Tìm thấy loài rêu có thể lọc hết arsen trong nước', 'tim-thay-loai-reu-co-the-loc-het-arsen-trong-nuoc', '<p><strong>Nước nhiễm arsen - một loại chất rất độc - l&agrave; vấn đề nổi cộm của nhiều quốc gia tr&ecirc;n thế giới. V&agrave; nay, giải ph&aacute;p đ&atilde; xuất hiện, nhưng người g&oacute;p c&ocirc;ng lại ch&iacute;nh l&agrave; tự nhi&ecirc;n.</strong></p>', '<p style=\"text-align:justify\">Với t&aacute;c động của con người, thi&ecirc;n nhi&ecirc;n m&ocirc;i trường đ&atilde; bị hủy hoại rất nghi&ecirc;m trọng. V&agrave; một trong số những vấn đề nổi cộm ch&uacute;ng ta phải đối mặt ch&iacute;nh l&agrave; hiện tượng nguồn nước bị nhiễm độc từ kim loại nặng, như arsen chẳng hạn.</p>\r\n\r\n<p style=\"text-align:justify\">Nhưng quả thực chưa khi n&agrave;o mẹ Thi&ecirc;n nhi&ecirc;n l&agrave;m ch&uacute;ng ta th&ocirc;i ngạc nhi&ecirc;n. Khi r&aacute;c nhựa qu&aacute; nhiều, thi&ecirc;n nhi&ecirc;n tạo ra vi khuẩn c&oacute; khả năng ăn nhựa. Dầu tr&agrave;n, vi khuẩn ph&acirc;n hủy dầu xuất hiện. V&agrave; mới đ&acirc;y, c&aacute;c nh&agrave; khoa học ph&aacute;t hiện ra một lo&agrave;i<strong>r&ecirc;u c&oacute; khả năng lọc được cả nước chứa arsen</strong>, biến n&oacute; th&agrave;nh nguồn nước an to&agrave;n cho con người ti&ecirc;u thụ.</p>\r\n\r\n<p style=\"text-align:justify\"><img alt=\"Loài rêu có thể lọc bỏ arsen trong nước.\" src=\"http://img.khoahoc.tv/photos/image/2018/04/20/reu-Warnstofia-fuitans.jpg\" style=\"height:422px; width:750px\" /><br />\r\nLo&agrave;i r&ecirc;u c&oacute; thể lọc bỏ arsen trong nước.</p>\r\n\r\n<p style=\"text-align:justify\">Lo&agrave;i r&ecirc;u n&agrave;y c&oacute; t&ecirc;n l&agrave;&nbsp;<strong>Warnstofia fuitans</strong>, l&agrave;<strong>&nbsp;lo&agrave;i bản địa tại Thụy Điển.</strong>&nbsp;Trong nghi&ecirc;n cứu của ĐH Stockholm, c&aacute;c chuy&ecirc;n gia nhận thấy lo&agrave;i r&ecirc;u n&agrave;y c&oacute; thể loại bỏ tới 82% lượng arsen c&oacute; trong nước, th&ocirc;ng qua một qu&aacute; tr&igrave;nh mang t&ecirc;n phytofiltration.</p>\r\n\r\n<p style=\"text-align:justify\"><strong>Phytofiltration</strong>&nbsp;l&agrave; một thuật ngữ trong ng&agrave;nh sinh vật học, d&ugrave;ng để chỉ khả năng loại bỏ kim loại nặng trong nước ở c&aacute;c lo&agrave;i thực vật.</p>\r\n\r\n<p style=\"text-align:justify\"><em>&quot;Th&iacute; nghiệm cho thấy loại r&ecirc;u n&agrave;y loại bỏ rất mạnh lượng arsen trong nước&quot;</em>&nbsp;- Arifin Sandhi, trợ l&yacute; nghi&ecirc;n cứu cho biết. Qu&aacute; tr&igrave;nh phytofiltration k&eacute;o d&agrave;i kh&ocirc;ng qu&aacute; 1h, nhưng cũng đủ để đưa lượng arsen xuống mức an to&agrave;n cho con người ti&ecirc;u thụ.</p>\r\n\r\n<p style=\"text-align:justify\">Theo b&aacute;o c&aacute;o tr&ecirc;n tạp ch&iacute; Enviromental Pollution, lo&agrave;i r&ecirc;u n&agrave;y l&agrave; một phương ph&aacute;p lọc nước chứa arsen cực kỳ th&acirc;n thiện với m&ocirc;i trường. Ch&uacute;ng c&oacute; thể mọc trong ống dẫn nước để xử l&yacute; tận gốc vấn đề, gi&uacute;p con người c&oacute; được nguồn nước an to&agrave;n hơn.</p>\r\n\r\n<p style=\"text-align:justify\"><img alt=\"Đây là một phát hiện có ý nghĩa rất lớn, không chỉ với Thụy Điển.\" src=\"http://img.khoahoc.tv/photos/image/2018/04/20/reu-Warnstofia-fuitans-1.jpg\" style=\"height:500px; width:750px\" /><br />\r\nĐ&acirc;y l&agrave; một ph&aacute;t hiện c&oacute; &yacute; nghĩa rất lớn, kh&ocirc;ng chỉ với Thụy Điển.</p>\r\n\r\n<p style=\"text-align:justify\">Bản th&acirc;n Thụy Điển l&agrave; quốc gia c&oacute; truyền thống khai th&aacute;c kim loại k&eacute;o d&agrave;i hơn 1000 năm, v&agrave; arsen l&agrave; một trong những &aacute; kim đ&atilde; nhiễm xuống cả hệ thống nước ngầm cho đến ng&agrave;y nay.</p>\r\n\r\n<p style=\"text-align:justify\">B&ecirc;n cạnh đ&oacute;, nền đ&aacute; v&ugrave;ng Scandinavia v&ugrave;ng Bắc &Acirc;u cũng c&oacute; chứa h&agrave;m lượng arsen tự nhi&ecirc;n tương đối lớn. Thế n&ecirc;n nước uống v&agrave; tưới ti&ecirc;u tại đ&acirc;y, nếu kh&ocirc;ng được xử l&yacute; kỹ, c&oacute; thể nhiễm cả v&agrave;o thực phẩm, g&acirc;y hại cho con người.</p>\r\n\r\n<p style=\"text-align:justify\">Theo WHO c&ocirc;ng bố, c&oacute; &iacute;t nhất 150 triệu người đang ng&agrave;y ng&agrave;y phải sử dụng nước c&oacute; chứa arsen. Chất n&agrave;y khi đi v&agrave;o cơ thể sẽ ph&aacute; hủy hồng cầu, g&acirc;y ra những cơn đau bất thường, dẫn đến tử vong.</p>', 'CkAN_a28.jpg', 0, 0, 52, '2018-04-21 02:08:32', '2018-04-21 02:08:32');
INSERT INTO `tintuc` (`id`, `TieuDe`, `TieuDeKhongDau`, `TomTat`, `NoiDung`, `Hinh`, `NoiBat`, `SoLuotXem`, `idLoaiTin`, `created_at`, `updated_at`) VALUES
(1041, 'Top các loại ớt cay nhất trên thế giới', 'top-cac-loai-ot-cay-nhat-tren-the-gioi', '<p><strong>Một số giống ớt c&oacute; thể g&acirc;y t&ecirc; liệt, phồng rộp miệng v&agrave; nhiều vấn đề sức khỏe với độ cay hơn một triệu đơn vị nhiệt tr&ecirc;n thang Scoville.</strong></p>', '<h2 style=\"text-align:justify\">1. Ớt chu&ocirc;ng</h2>\r\n\r\n<p style=\"text-align:justify\"><img alt=\"Ớt chuông\" src=\"http://img.khoahoc.tv/photos/image/2016/10/22/ot-chuong.jpg\" style=\"height:349px; width:720px\" title=\"Ớt chuông\" /></p>\r\n\r\n<p style=\"text-align:justify\">Loại ớt &iacute;t cay nhất theo như bảng nhiệt n&agrave;y l&agrave; c&aacute;c loại ớt chu&ocirc;ng ngọt vẫn được b&agrave;y b&aacute;n trong c&aacute;c si&ecirc;u thị, c&oacute; gi&aacute; trị theo bảng scole bằng 0, v&igrave; vậy, n&oacute; ho&agrave;n to&agrave;n kh&ocirc;ng cay.</p>\r\n\r\n<h2 style=\"text-align:justify\">2. Ớt anh đ&agrave;o pimiento</h2>\r\n\r\n<p style=\"text-align:justify\"><img alt=\"Ớt anh đào pimiento\" src=\"http://img.khoahoc.tv/photos/image/2016/10/22/ot-anh-dao-pimiento.jpg\" style=\"height:350px; width:402px\" title=\"Ớt anh đào pimiento\" /></p>\r\n\r\n<p style=\"text-align:justify\">Ớt anh đ&agrave;o Pimiento &ndash; thường được t&igrave;m thấy trong m&oacute;n nhồi &ocirc; liu xanh T&acirc;y Ban Nha &ndash; độ cay 100-900 SHU.</p>\r\n\r\n<h2 style=\"text-align:justify\">3. Ớt Peru Rocotillo</h2>\r\n\r\n<p style=\"text-align:justify\"><img alt=\"Ớt Peru Rocotillo\" src=\"http://img.khoahoc.tv/photos/image/2016/10/22/ot-peru-rocotillo.jpg\" style=\"height:491px; width:750px\" title=\"Ớt Peru Rocotillo\" /></p>\r\n\r\n<p style=\"text-align:justify\">Ớt Peru Rocotillo thường c&oacute; m&agrave;u xanh hoặc v&agrave;ng, c&oacute; độ cay từ 1,000-2,500 SHU.</p>\r\n\r\n<h2 style=\"text-align:justify\">4. Ớt jalape&ntilde;o</h2>\r\n\r\n<p style=\"text-align:justify\"><img alt=\"Ớt jalapeño\" src=\"http://img.khoahoc.tv/photos/image/2016/10/22/ot-jalapeno.jpg\" style=\"height:424px; width:520px\" title=\"Ớt jalapeño\" /></p>\r\n\r\n<p style=\"text-align:justify\">Loại gia vị rất nổi tiếng, m&oacute;n nước sốt Tabasco, c&oacute; độ cay 2,500-5,000 SHU (v&igrave; thế nhớ cho một &iacute;t v&agrave;o m&oacute;n Bloody Marys của bạn th&ocirc;i nh&eacute;). Ở c&ugrave;ng mức cay n&agrave;y l&agrave; loại ớt jalape&ntilde;o (t&ecirc;n loại ớt n&agrave;y được đặt theo t&ecirc;n của thị trấn Xalapa, Mexico, nơi đầu ti&ecirc;n trồng ch&uacute;ng), trong ảnh, c&oacute; độ cay khoảng từ 2,500-10,000 SHU.</p>\r\n\r\n<h2 style=\"text-align:justify\">5. Ớt cayenne pepper</h2>\r\n\r\n<p style=\"text-align:justify\"><img alt=\"Ớt cayenne pepper\" src=\"http://img.khoahoc.tv/photos/image/2016/10/22/ot-cayenne-pepper.jpg\" style=\"height:521px; width:720px\" title=\"Ớt cayenne pepper\" /></p>\r\n\r\n<p style=\"text-align:justify\">Cũng thường được để trong nh&agrave; bếp, nhưng tr&ecirc;n một kệ cao hơn nhiều &ndash; Scoville n&oacute;i &ndash; l&agrave; loại ớt cayenne pepper, c&oacute; độ cay 30.000-50.000 SHU.</p>\r\n\r\n<h2 style=\"text-align:justify\">6. Ớt mắt chim</h2>\r\n\r\n<p style=\"text-align:justify\"><img alt=\"Ớt mắt chim\" src=\"http://img.khoahoc.tv/photos/image/2016/10/22/ot-mat-chim.jpg\" style=\"height:500px; width:750px\" title=\"Ớt mắt chim\" /></p>\r\n\r\n<p style=\"text-align:justify\">Chủ yếu được sử dụng trong c&aacute;c m&oacute;n Th&aacute;i v&agrave; H&agrave;n Quốc, ớt mắt chim c&oacute; độ cay theo bảng Scole l&agrave; 50.000-100.000 SHU.</p>\r\n\r\n<h2 style=\"text-align:justify\">7. Ớt Scotch Bonnet</h2>\r\n\r\n<p style=\"text-align:justify\"><img alt=\"Ớt Scotch Bonnet\" src=\"http://img.khoahoc.tv/photos/image/2016/10/22/ot-scotch-bonnet.jpg\" style=\"height:536px; width:734px\" title=\"Ớt Scotch Bonnet\" /></p>\r\n\r\n<p style=\"text-align:justify\">Ẩm thực v&ugrave;ng Caribbean, ngược lại, lại ưa chuộng loại ớt Scotch Bonnet, như h&igrave;nh tr&ecirc;n, loại ớt thường được người d&acirc;n ở Guyana gọi l&agrave;<em>&nbsp;&quot;quả cầu lửa&quot;</em>&nbsp;(100,000-350,000 SHU). Loại ớt c&oacute; độ cay tương tự như vậy l&agrave; loại ớt c&oacute; t&ecirc;n gọi Madame Jeanette, một loại ớt chu&ocirc;ng c&oacute; m&agrave;u v&agrave;ng cam đến từ v&ugrave;ng Suriname (cũng c&oacute; độ cay 100,000-350,000 SHU).</p>\r\n\r\n<h2 style=\"text-align:justify\">8. Ớt Red Savina</h2>\r\n\r\n<p style=\"text-align:justify\"><img alt=\"Ớt Red Savina\" src=\"http://img.khoahoc.tv/photos/image/2016/10/22/ot-Red-Savina.jpg\" style=\"height:469px; width:750px\" title=\"Ớt Red Savina\" /></p>\r\n\r\n<p style=\"text-align:justify\">Loại ớt Red Savina được ph&aacute;t triển từ giống<strong>&nbsp;ớt habanero</strong>&nbsp;nổi tiếng, để th&agrave;nh loại ớt cay hơn (liệu những người n&agrave;y c&oacute; mất tr&iacute; kh&ocirc;ng nhỉ). Đặc trưng bởi m&agrave;u đỏ đậm, loại ớt n&agrave;y c&oacute; độ cay khoảng từ 250.000 v&agrave; 450.000 SHU.</p>\r\n\r\n<h2 style=\"text-align:justify\">9. Ớt Bhut Jokolia</h2>\r\n\r\n<p style=\"text-align:justify\"><img alt=\"Ớt Bhut Jokolia\" src=\"http://img.khoahoc.tv/photos/image/2016/10/22/ot-bhut-jokolia.jpg\" style=\"height:500px; width:750px\" title=\"Ớt Bhut Jokolia\" /></p>\r\n\r\n<p style=\"text-align:justify\">Nếu bạn đang đi du lịch ở Đ&ocirc;ng Bắc Ấn Độ, Bangladesh, phải rất cẩn thận nếu ai đ&oacute; cố gắng để c&aacute;m dỗ bạn với c&agrave; ri c&oacute; chứa loại ớt Bhut Jokolia. N&oacute; c&ograve;n được gọi l&agrave;&nbsp;<em>&quot;Ghost Pepper&quot;</em>&nbsp;&ndash; đ&uacute;ng như những g&igrave; bạn sẽ cảm thấy ngay sau nếm n&oacute;, v&igrave; n&oacute; được đ&aacute;nh gi&aacute; c&oacute; độ cay hơn 1 triệu SHU.</p>\r\n\r\n<h2 style=\"text-align:justify\">10. Ớt Trinidad Moruga Scorpion</h2>\r\n\r\n<p style=\"text-align:justify\"><img alt=\"Ớt Trinidad Moruga Scorpion\" src=\"http://img.khoahoc.tv/photos/image/2016/10/22/ot-trinidad-moruga-scorpion.jpg\" style=\"height:500px; width:750px\" title=\"Ớt Trinidad Moruga Scorpion\" /></p>\r\n\r\n<p style=\"text-align:justify\">Đứng đầu trong bảng xếp hạng c&aacute;c loại ớt (c&oacute; lẽ l&agrave; thực vật n&oacute;i chung) l&agrave; giống ớt Trinidad Moruga Scorpion, loại ớt c&oacute; vị cực cay. Được v&iacute; như con qu&aacute;i th&uacute; dưới h&igrave;nh dạng quả cầu lửa, đ&acirc;y l&agrave; loại ớt trồng được đ&aacute;nh gi&aacute; l&agrave; cay nhất thế giới. Mặc d&ugrave; ban đầu vị của n&oacute; rất ngọt ng&agrave;o, sau đ&oacute; n&oacute; sẽ trở n&ecirc;n c&agrave;ng ng&agrave;y c&agrave;ng cay, với độ cay l&ecirc;n tới 2.000.000 SHU.</p>', 'CaP0_a26.jpg', 0, 0, 52, '2018-04-21 02:09:14', '2018-04-21 02:09:14');

-- --------------------------------------------------------

--
-- Table structure for table `users`
--

CREATE TABLE `users` (
  `id` int(10) UNSIGNED NOT NULL,
  `name` varchar(255) COLLATE utf8_unicode_ci NOT NULL,
  `email` varchar(255) COLLATE utf8_unicode_ci NOT NULL,
  `ViTri` varchar(50) CHARACTER SET utf8 NOT NULL,
  `CoQuan` varchar(250) CHARACTER SET utf8 NOT NULL,
  `quyen` int(11) NOT NULL DEFAULT '0',
  `password` varchar(255) COLLATE utf8_unicode_ci NOT NULL,
  `remember_token` varchar(100) COLLATE utf8_unicode_ci DEFAULT NULL,
  `created_at` timestamp NULL DEFAULT NULL,
  `updated_at` timestamp NULL DEFAULT NULL
) ENGINE=InnoDB DEFAULT CHARSET=utf8 COLLATE=utf8_unicode_ci;

--
-- Dumping data for table `users`
--

INSERT INTO `users` (`id`, `name`, `email`, `ViTri`, `CoQuan`, `quyen`, `password`, `remember_token`, `created_at`, `updated_at`) VALUES
(1, 'Nguyễn Văn A', 'rukawa97a6@gmail.com', 'GS', '94 Bạch Mai', 1, '$2y$10$CEdbdsSMU9Nv.6yjdRMEtOhR0kdIiOBWtNR2Bup9upjueOPbcsM9m', 'NJlABAo3Mgw7qFqo18kxSDVE7vmVVdQQXL5CbdTERpfLeTq3Dg0MNTAUArCH', '2016-06-09 03:05:09', '2016-06-18 07:06:27'),
(2, 'Nguyễn Văn B', 'phubui2703@gmail.com', 'TS', '94 Bạch Mai', 1, '$2y$10$VSYdTPHgu6iQ0NBouPmQTe2nxENOouLMEcjQiG54cFNlUbEInurxC', NULL, '2018-04-16 03:05:09', NULL),
(3, 'Nguyễn VĂn C ', 'user_3@mymail.com', 'PGS', '94 Bạch MAi', 0, '$2y$10$DES3NL8tozlU99dvO9o4lOfYyYcaM9n86gJcJV5.fz2G8b6qLa6Gq', NULL, '2018-04-01 03:05:09', NULL),
(4, 'Nguyễn Văn D', 'user_4@mymail.com', 'TS', '94 Bạch Mai', 0, '$2y$10$xqfx9motmrCAEuEjCyQroOo/eFqum1hPhgwnz5LSLkhdyGHvf6l8O', NULL, '2018-04-16 03:05:09', NULL),
(5, 'Nguyễn Văn E', 'user_5@mymail.com', 'TS', '94 Bạch Mai', 0, '$2y$10$rTviORV94uWv/KcNK7s0UeGwlQ2DSN5UGSOAzMkZ6sGgfr9nE2fSq', NULL, '2018-04-16 03:05:09', NULL),
(6, 'Nguyễn Văn F', 'user_6@mymail.com', 'GS', '94 Bạch Mai', 0, '$2y$10$AwcqOIqwnPM9ZkYE1e6x.OkQAjY5V7H.WP73VVod/2mGNp1Y0zWUy', NULL, '2018-04-16 03:05:09', NULL),
(7, 'Nguyễn VĂn G', 'user_7@mymail.com', 'PGS', '94 Bạch Mai', 0, '$2y$10$nSJhdDCm7zfF5uZpkhEuQufsLAqc1OZZnTME4AcTIx/2PsnnbrpZ6', NULL, '2018-04-16 03:05:09', NULL),
(8, 'Nguyễn Văn H', 'user_8@mymail.com', 'TS', '94 Bạch Mai', 0, '$2y$10$s1ik567.aaB/ZbykP5zBR.20Ps5Qd6EPkhHFGdSQwERYmX1G/CnEK', NULL, '2018-04-16 03:05:09', NULL),
(9, 'Nguyễn Văn J', 'user_9@mymail.com', 'PGS', '94 Bạch Mai', 0, '$2y$10$/GQdzMM1G0CsrEF7RnQy4eHCkO2SqTNbE6QyRXCBtOuvyqIaFoMnm', NULL, '2018-04-16 03:05:09', NULL),
(10, 'Nguyễn Văn L', 'user_10@mymail.com', 'GS', '94 Bạch Mai', 0, '$2y$10$gV.fAHxmpvB57JXKIEuUYumcZZhbCqtM8MpXDZOfDFBTl6X0WAHiK', NULL, '2018-04-16 03:05:09', NULL),
(11, 'Đỗ Tuấn', 'tuandht97@gmail.com', 'GS', 'Đại học Bách Khoa Hà Nội', 1, '$2y$10$BaRYicvsCbMrSgSfAjlUjOnq/NcunwOs8U7.VVUVPsjFnuYkDUhoy', 'FCqFjHgFY0Lbuy48XXe6AIpgpzyfptYje26NbRRXsADmR7UtLsb3fmZfDWkl', '2018-04-20 23:49:29', '2018-04-20 23:49:29'),
(12, 'Tuấn', 'tuan@gmail.com', 'GS', 'Đại học Bách Khoa', 0, '$2y$10$HfQIKMypHZtP3r0Ez.utCOO7KOE2pkexR7igkD2peTZuO7nA95HU.', NULL, '2018-04-21 15:51:22', '2018-04-21 16:03:30');

--
-- Indexes for dumped tables
--

--
-- Indexes for table `comment`
--
ALTER TABLE `comment`
  ADD PRIMARY KEY (`id`),
  ADD KEY `comment_iduser_foreign` (`idUser`),
  ADD KEY `comment_idtintuc_foreign` (`idTinTuc`);

--
-- Indexes for table `danhgia`
--
ALTER TABLE `danhgia`
  ADD PRIMARY KEY (`id`),
  ADD KEY `idTinTuc` (`idTinTuc`),
  ADD KEY `idUser` (`idUser`);

--
-- Indexes for table `loaitin`
--
ALTER TABLE `loaitin`
  ADD PRIMARY KEY (`id`),
  ADD KEY `loaitin_idtheloai_foreign` (`idTheLoai`);

--
-- Indexes for table `password_resets`
--
ALTER TABLE `password_resets`
  ADD KEY `password_resets_email_index` (`email`),
  ADD KEY `password_resets_token_index` (`token`);

--
-- Indexes for table `slide`
--
ALTER TABLE `slide`
  ADD PRIMARY KEY (`id`);

--
-- Indexes for table `theloai`
--
ALTER TABLE `theloai`
  ADD PRIMARY KEY (`id`);

--
-- Indexes for table `tintuc`
--
ALTER TABLE `tintuc`
  ADD PRIMARY KEY (`id`),
  ADD KEY `tintuc_idloaitin_foreign` (`idLoaiTin`);

--
-- Indexes for table `users`
--
ALTER TABLE `users`
  ADD PRIMARY KEY (`id`),
  ADD UNIQUE KEY `users_email_unique` (`email`);

--
-- AUTO_INCREMENT for dumped tables
--

--
-- AUTO_INCREMENT for table `comment`
--
ALTER TABLE `comment`
  MODIFY `id` int(10) UNSIGNED NOT NULL AUTO_INCREMENT, AUTO_INCREMENT=3;

--
-- AUTO_INCREMENT for table `danhgia`
--
ALTER TABLE `danhgia`
  MODIFY `id` int(10) UNSIGNED NOT NULL AUTO_INCREMENT, AUTO_INCREMENT=6;

--
-- AUTO_INCREMENT for table `loaitin`
--
ALTER TABLE `loaitin`
  MODIFY `id` int(10) UNSIGNED NOT NULL AUTO_INCREMENT, AUTO_INCREMENT=54;

--
-- AUTO_INCREMENT for table `slide`
--
ALTER TABLE `slide`
  MODIFY `id` int(10) UNSIGNED NOT NULL AUTO_INCREMENT, AUTO_INCREMENT=7;

--
-- AUTO_INCREMENT for table `theloai`
--
ALTER TABLE `theloai`
  MODIFY `id` int(10) UNSIGNED NOT NULL AUTO_INCREMENT, AUTO_INCREMENT=19;

--
-- AUTO_INCREMENT for table `tintuc`
--
ALTER TABLE `tintuc`
  MODIFY `id` int(10) UNSIGNED NOT NULL AUTO_INCREMENT, AUTO_INCREMENT=1042;

--
-- AUTO_INCREMENT for table `users`
--
ALTER TABLE `users`
  MODIFY `id` int(10) UNSIGNED NOT NULL AUTO_INCREMENT, AUTO_INCREMENT=13;

--
-- Constraints for dumped tables
--

--
-- Constraints for table `comment`
--
ALTER TABLE `comment`
  ADD CONSTRAINT `comment_idtintuc_foreign` FOREIGN KEY (`idTinTuc`) REFERENCES `tintuc` (`id`),
  ADD CONSTRAINT `comment_iduser_foreign` FOREIGN KEY (`idUser`) REFERENCES `users` (`id`);

--
-- Constraints for table `danhgia`
--
ALTER TABLE `danhgia`
  ADD CONSTRAINT `danhgia_ibfk_1` FOREIGN KEY (`idTinTuc`) REFERENCES `tintuc` (`id`),
  ADD CONSTRAINT `danhgia_ibfk_2` FOREIGN KEY (`idUser`) REFERENCES `users` (`id`);

--
-- Constraints for table `loaitin`
--
ALTER TABLE `loaitin`
  ADD CONSTRAINT `loaitin_idtheloai_foreign` FOREIGN KEY (`idTheLoai`) REFERENCES `theloai` (`id`);

--
-- Constraints for table `tintuc`
--
ALTER TABLE `tintuc`
  ADD CONSTRAINT `tintuc_idloaitin_foreign` FOREIGN KEY (`idLoaiTin`) REFERENCES `loaitin` (`id`);
COMMIT;

/*!40101 SET CHARACTER_SET_CLIENT=@OLD_CHARACTER_SET_CLIENT */;
/*!40101 SET CHARACTER_SET_RESULTS=@OLD_CHARACTER_SET_RESULTS */;
/*!40101 SET COLLATION_CONNECTION=@OLD_COLLATION_CONNECTION */;
